solid OpenSCAD_Model
  facet normal 1 0 0
    outer loop
      vertex 3.2 -2.5 1.325
      vertex 3.2 -2.85 0.375
      vertex 3.2 -2.5 0.375
    endloop
  endfacet
  facet normal 1 -0 0
    outer loop
      vertex 3.2 -3.005 1.325
      vertex 3.2 -2.85 0.375
      vertex 3.2 -2.5 1.325
    endloop
  endfacet
  facet normal 1 0 0
    outer loop
      vertex 3.2 -2.85 0.375
      vertex 3.2 -3.005 1.325
      vertex 3.2 -3.005 0.375
    endloop
  endfacet
  facet normal 1 0 0
    outer loop
      vertex 3.2 3.005 1.325
      vertex 3.2 2.85 0.375
      vertex 3.2 3.005 0.375
    endloop
  endfacet
  facet normal 1 -0 0
    outer loop
      vertex 3.2 2.5 1.325
      vertex 3.2 2.85 0.375
      vertex 3.2 3.005 1.325
    endloop
  endfacet
  facet normal 1 0 0
    outer loop
      vertex 3.2 2.5 0.375
      vertex 3.2 2.85 0.375
      vertex 3.2 2.5 1.325
    endloop
  endfacet
  facet normal 1 0 0
    outer loop
      vertex 3.2 2.85 0.375
      vertex 3.2 2.5 0.375
      vertex 3.2 2.85 -0.375
    endloop
  endfacet
  facet normal 1 -0 0
    outer loop
      vertex 3.2 -2.5 0.375
      vertex 3.2 2.85 -0.375
      vertex 3.2 2.5 0.375
    endloop
  endfacet
  facet normal 1 0 0
    outer loop
      vertex 3.2 -2.85 -0.375
      vertex 3.2 -2.5 0.375
      vertex 3.2 -2.85 0.375
    endloop
  endfacet
  facet normal 1 0 0
    outer loop
      vertex 3.2 -2.5 0.375
      vertex 3.2 -2.85 -0.375
      vertex 3.2 2.85 -0.375
    endloop
  endfacet
  facet normal 0 0 -1
    outer loop
      vertex 3.2 -2.5 0.375
      vertex 3.355 2.5 0.375
      vertex 3.355 -2.5 0.375
    endloop
  endfacet
  facet normal -0 0 -1
    outer loop
      vertex 3.355 2.5 0.375
      vertex 3.2 -2.5 0.375
      vertex 3.2 2.5 0.375
    endloop
  endfacet
  facet normal 0 0 -1
    outer loop
      vertex -3.355 -2.5 0.375
      vertex -3.2 2.5 0.375
      vertex -3.2 -2.5 0.375
    endloop
  endfacet
  facet normal -0 0 -1
    outer loop
      vertex -3.2 2.5 0.375
      vertex -3.355 -2.5 0.375
      vertex -3.355 2.5 0.375
    endloop
  endfacet
  facet normal 0 0 -1
    outer loop
      vertex -3.2 2.85 0.375
      vertex 3.2 3.005 0.375
      vertex 3.2 2.85 0.375
    endloop
  endfacet
  facet normal -0 0 -1
    outer loop
      vertex 3.2 3.005 0.375
      vertex -3.2 2.85 0.375
      vertex -3.2 3.005 0.375
    endloop
  endfacet
  facet normal 0 0 -1
    outer loop
      vertex -3.2 -3.005 0.375
      vertex 3.2 -2.85 0.375
      vertex 3.2 -3.005 0.375
    endloop
  endfacet
  facet normal -0 0 -1
    outer loop
      vertex 3.2 -2.85 0.375
      vertex -3.2 -3.005 0.375
      vertex -3.2 -2.85 0.375
    endloop
  endfacet
  facet normal 0 0 1
    outer loop
      vertex 2.735 2.385 0.375
      vertex 2.625 2.275 0.375
      vertex 2.735 -2.385 0.375
    endloop
  endfacet
  facet normal 0 0 1
    outer loop
      vertex 2.735 2.385 0.375
      vertex -2.625 2.275 0.375
      vertex 2.625 2.275 0.375
    endloop
  endfacet
  facet normal 0 0 1
    outer loop
      vertex -2.625 2.275 0.375
      vertex -2.735 2.385 0.375
      vertex -2.625 -2.275 0.375
    endloop
  endfacet
  facet normal -0 0 1
    outer loop
      vertex -2.735 2.385 0.375
      vertex -2.625 2.275 0.375
      vertex 2.735 2.385 0.375
    endloop
  endfacet
  facet normal -0 0 1
    outer loop
      vertex 2.625 -2.275 0.375
      vertex 2.735 -2.385 0.375
      vertex 2.625 2.275 0.375
    endloop
  endfacet
  facet normal -0 0 1
    outer loop
      vertex -2.625 -2.275 0.375
      vertex 2.735 -2.385 0.375
      vertex 2.625 -2.275 0.375
    endloop
  endfacet
  facet normal 0 0 1
    outer loop
      vertex -2.625 -2.275 0.375
      vertex -2.735 -2.385 0.375
      vertex 2.735 -2.385 0.375
    endloop
  endfacet
  facet normal 0 0 1
    outer loop
      vertex -2.735 -2.385 0.375
      vertex -2.625 -2.275 0.375
      vertex -2.735 2.385 0.375
    endloop
  endfacet
  facet normal 0 0 -1
    outer loop
      vertex 3.2 -2.85 -0.375
      vertex 2.625 -2.275 -0.375
      vertex 3.2 2.85 -0.375
    endloop
  endfacet
  facet normal 0 0 -1
    outer loop
      vertex 3.2 -2.85 -0.375
      vertex -2.625 -2.275 -0.375
      vertex 2.625 -2.275 -0.375
    endloop
  endfacet
  facet normal -0 0 -1
    outer loop
      vertex -2.625 -2.275 -0.375
      vertex -3.2 -2.85 -0.375
      vertex -2.625 2.275 -0.375
    endloop
  endfacet
  facet normal 0 0 -1
    outer loop
      vertex -3.2 -2.85 -0.375
      vertex -2.625 -2.275 -0.375
      vertex 3.2 -2.85 -0.375
    endloop
  endfacet
  facet normal 0 0 -1
    outer loop
      vertex 2.625 2.275 -0.375
      vertex 3.2 2.85 -0.375
      vertex 2.625 -2.275 -0.375
    endloop
  endfacet
  facet normal 0 0 -1
    outer loop
      vertex -2.625 2.275 -0.375
      vertex 3.2 2.85 -0.375
      vertex 2.625 2.275 -0.375
    endloop
  endfacet
  facet normal 0 0 -1
    outer loop
      vertex -2.625 2.275 -0.375
      vertex -3.2 2.85 -0.375
      vertex 3.2 2.85 -0.375
    endloop
  endfacet
  facet normal 0 0 -1
    outer loop
      vertex -3.2 2.85 -0.375
      vertex -2.625 2.275 -0.375
      vertex -3.2 -2.85 -0.375
    endloop
  endfacet
  facet normal -1 0 0
    outer loop
      vertex -3.2 2.85 -0.375
      vertex -3.2 2.5 0.375
      vertex -3.2 2.85 0.375
    endloop
  endfacet
  facet normal -1 0 0
    outer loop
      vertex -3.2 2.85 -0.375
      vertex -3.2 -2.5 0.375
      vertex -3.2 2.5 0.375
    endloop
  endfacet
  facet normal -1 0 0
    outer loop
      vertex -3.2 -2.85 -0.375
      vertex -3.2 -2.5 0.375
      vertex -3.2 2.85 -0.375
    endloop
  endfacet
  facet normal -1 0 0
    outer loop
      vertex -3.2 -2.85 0.375
      vertex -3.2 -2.5 0.375
      vertex -3.2 -2.85 -0.375
    endloop
  endfacet
  facet normal -1 0 0
    outer loop
      vertex -3.2 -2.5 0.375
      vertex -3.2 -2.85 0.375
      vertex -3.2 -2.5 1.325
    endloop
  endfacet
  facet normal -1 0 0
    outer loop
      vertex -3.2 -3.005 1.325
      vertex -3.2 -2.85 0.375
      vertex -3.2 -3.005 0.375
    endloop
  endfacet
  facet normal -1 0 0
    outer loop
      vertex -3.2 -2.85 0.375
      vertex -3.2 -3.005 1.325
      vertex -3.2 -2.5 1.325
    endloop
  endfacet
  facet normal -1 0 0
    outer loop
      vertex -3.2 2.85 0.375
      vertex -3.2 3.005 1.325
      vertex -3.2 3.005 0.375
    endloop
  endfacet
  facet normal -1 0 0
    outer loop
      vertex -3.2 2.5 1.325
      vertex -3.2 2.85 0.375
      vertex -3.2 2.5 0.375
    endloop
  endfacet
  facet normal -1 0 0
    outer loop
      vertex -3.2 2.85 0.375
      vertex -3.2 2.5 1.325
      vertex -3.2 3.005 1.325
    endloop
  endfacet
  facet normal 0 1 -0
    outer loop
      vertex 3.2 2.85 -0.375
      vertex -3.2 2.85 0.375
      vertex 3.2 2.85 0.375
    endloop
  endfacet
  facet normal 0 1 0
    outer loop
      vertex -3.2 2.85 0.375
      vertex 3.2 2.85 -0.375
      vertex -3.2 2.85 -0.375
    endloop
  endfacet
  facet normal 0 -1 0
    outer loop
      vertex -3.2 -2.85 -0.375
      vertex 3.2 -2.85 0.375
      vertex -3.2 -2.85 0.375
    endloop
  endfacet
  facet normal 0 -1 -0
    outer loop
      vertex 3.2 -2.85 0.375
      vertex -3.2 -2.85 -0.375
      vertex 3.2 -2.85 -0.375
    endloop
  endfacet
  facet normal -1 0 0
    outer loop
      vertex 2.625 -2.275 -0.375
      vertex 2.625 2.275 0.375
      vertex 2.625 2.275 -0.375
    endloop
  endfacet
  facet normal -1 -0 0
    outer loop
      vertex 2.625 2.275 0.375
      vertex 2.625 -2.275 -0.375
      vertex 2.625 -2.275 0.375
    endloop
  endfacet
  facet normal 1 -0 0
    outer loop
      vertex -2.625 -2.275 0.375
      vertex -2.625 2.275 -0.375
      vertex -2.625 2.275 0.375
    endloop
  endfacet
  facet normal 1 0 0
    outer loop
      vertex -2.625 2.275 -0.375
      vertex -2.625 -2.275 0.375
      vertex -2.625 -2.275 -0.375
    endloop
  endfacet
  facet normal 0 -1 0
    outer loop
      vertex -2.625 2.275 -0.375
      vertex 2.625 2.275 0.375
      vertex -2.625 2.275 0.375
    endloop
  endfacet
  facet normal 0 -1 -0
    outer loop
      vertex 2.625 2.275 0.375
      vertex -2.625 2.275 -0.375
      vertex 2.625 2.275 -0.375
    endloop
  endfacet
  facet normal 0 1 -0
    outer loop
      vertex 2.625 -2.275 -0.375
      vertex -2.625 -2.275 0.375
      vertex 2.625 -2.275 0.375
    endloop
  endfacet
  facet normal 0 1 0
    outer loop
      vertex -2.625 -2.275 0.375
      vertex 2.625 -2.275 -0.375
      vertex -2.625 -2.275 -0.375
    endloop
  endfacet
  facet normal 0.980779 -0 0.195122
    outer loop
      vertex 1.01422 -0.549999 3.27176
      vertex 1.04102 0.549999 3.13705
      vertex 1.01422 0.549999 3.27176
    endloop
  endfacet
  facet normal 0.980779 0 0.195122
    outer loop
      vertex 1.04102 0.549999 3.13705
      vertex 1.01422 -0.549999 3.27176
      vertex 1.04102 -0.549999 3.13705
    endloop
  endfacet
  facet normal 0.99786 -0 0.0653833
    outer loop
      vertex 1.04102 -0.549999 3.13705
      vertex 1.05 0.549999 3
      vertex 1.04102 0.549999 3.13705
    endloop
  endfacet
  facet normal 0.99786 0 0.0653833
    outer loop
      vertex 1.05 0.549999 3
      vertex 1.04102 -0.549999 3.13705
      vertex 1.05 -0.549999 3
    endloop
  endfacet
  facet normal 0.659353 0 0.751834
    outer loop
      vertex 0.639199 0.549999 3.83302
      vertex 0.742461 -0.549999 3.74246
      vertex 0.742461 0.549999 3.74246
    endloop
  endfacet
  facet normal 0.659353 0 0.751834
    outer loop
      vertex 0.742461 -0.549999 3.74246
      vertex 0.639199 0.549999 3.83302
      vertex 0.639199 -0.549999 3.83302
    endloop
  endfacet
  facet normal 0.831466 -0 0.555575
    outer loop
      vertex 0.83302 -0.549999 3.6392
      vertex 0.909327 0.549999 3.525
      vertex 0.83302 0.549999 3.6392
    endloop
  endfacet
  facet normal 0.831466 0 0.555575
    outer loop
      vertex 0.909327 0.549999 3.525
      vertex 0.83302 -0.549999 3.6392
      vertex 0.909327 -0.549999 3.525
    endloop
  endfacet
  facet normal -0.32145 0 0.946927
    outer loop
      vertex -0.401817 0.549999 3.97007
      vertex -0.27176 -0.549999 4.01422
      vertex -0.27176 0.549999 4.01422
    endloop
  endfacet
  facet normal -0.32145 0 0.946927
    outer loop
      vertex -0.27176 -0.549999 4.01422
      vertex -0.401817 0.549999 3.97007
      vertex -0.401817 -0.549999 3.97007
    endloop
  endfacet
  facet normal 0.442247 0 0.896893
    outer loop
      vertex 0.401817 0.549999 3.97007
      vertex 0.525 -0.549999 3.90933
      vertex 0.525 0.549999 3.90933
    endloop
  endfacet
  facet normal 0.442247 0 0.896893
    outer loop
      vertex 0.525 -0.549999 3.90933
      vertex 0.401817 0.549999 3.97007
      vertex 0.401817 -0.549999 3.97007
    endloop
  endfacet
  facet normal -0.831466 0 0.555575
    outer loop
      vertex -0.909327 -0.549999 3.525
      vertex -0.83302 0.549999 3.6392
      vertex -0.909327 0.549999 3.525
    endloop
  endfacet
  facet normal -0.831466 0 0.555575
    outer loop
      vertex -0.83302 0.549999 3.6392
      vertex -0.909327 -0.549999 3.525
      vertex -0.83302 -0.549999 3.6392
    endloop
  endfacet
  facet normal 0.980779 0 -0.195122
    outer loop
      vertex 1.04102 -0.549999 2.86295
      vertex 1.01422 0.549999 2.72824
      vertex 1.04102 0.549999 2.86295
    endloop
  endfacet
  facet normal 0.980779 0 -0.195122
    outer loop
      vertex 1.01422 0.549999 2.72824
      vertex 1.04102 -0.549999 2.86295
      vertex 1.01422 -0.549999 2.72824
    endloop
  endfacet
  facet normal -0.555602 0 -0.831448
    outer loop
      vertex -0.639199 0.2 2.16698
      vertex -0.575 0.549999 2.12408
      vertex -0.575 0.2 2.12408
    endloop
  endfacet
  facet normal -0.555602 0 -0.831448
    outer loop
      vertex -0.575 0.549999 2.12408
      vertex -0.639199 0.2 2.16698
      vertex -0.639199 0.549999 2.16698
    endloop
  endfacet
  facet normal 0.946935 1.53204e-05 -0.321424
    outer loop
      vertex 1.01422 0.549999 2.72824
      vertex 1.00464 0.2 2.7
      vertex 0.970073 0.549999 2.59818
    endloop
  endfacet
  facet normal 0.946993 0 -0.321253
    outer loop
      vertex 1.01422 -0.549999 2.72824
      vertex 1.00464 0.2 2.7
      vertex 1.01422 0.549999 2.72824
    endloop
  endfacet
  facet normal 0.946993 0 -0.321253
    outer loop
      vertex 1.00464 0.2 2.7
      vertex 1.01422 -0.549999 2.72824
      vertex 1.00464 -0.549999 2.7
    endloop
  endfacet
  facet normal 0.946919 0 -0.321471
    outer loop
      vertex 0.970073 0.549999 2.59818
      vertex 1.00464 0.2 2.7
      vertex 0.970073 0.2 2.59818
    endloop
  endfacet
  facet normal 0.32145 0 0.946927
    outer loop
      vertex 0.27176 0.549999 4.01422
      vertex 0.401817 -0.549999 3.97007
      vertex 0.401817 0.549999 3.97007
    endloop
  endfacet
  facet normal 0.32145 0 0.946927
    outer loop
      vertex 0.401817 -0.549999 3.97007
      vertex 0.27176 0.549999 4.01422
      vertex 0.27176 -0.549999 4.01422
    endloop
  endfacet
  facet normal -0.896872 0 -0.442291
    outer loop
      vertex -0.909327 0.2 2.475
      vertex -0.970073 0.549999 2.59818
      vertex -0.909327 0.549999 2.475
    endloop
  endfacet
  facet normal -0.896872 -0 -0.442291
    outer loop
      vertex -0.970073 0.549999 2.59818
      vertex -0.909327 0.2 2.475
      vertex -0.970073 0.2 2.59818
    endloop
  endfacet
  facet normal -0.946935 0 0.321424
    outer loop
      vertex -1.01422 -0.549999 3.27176
      vertex -0.970073 0.549999 3.40182
      vertex -1.01422 0.549999 3.27176
    endloop
  endfacet
  facet normal -0.946935 0 0.321424
    outer loop
      vertex -0.970073 0.549999 3.40182
      vertex -1.01422 -0.549999 3.27176
      vertex -0.970073 -0.549999 3.40182
    endloop
  endfacet
  facet normal 0.555602 0 -0.831448
    outer loop
      vertex 0.575 0.2 2.12408
      vertex 0.639199 0.549999 2.16698
      vertex 0.639199 0.2 2.16698
    endloop
  endfacet
  facet normal 0.555602 0 -0.831448
    outer loop
      vertex 0.639199 0.549999 2.16698
      vertex 0.575 0.2 2.12408
      vertex 0.575 0.549999 2.12408
    endloop
  endfacet
  facet normal -0.980779 0 0.195122
    outer loop
      vertex -1.04102 -0.549999 3.13705
      vertex -1.01422 0.549999 3.27176
      vertex -1.04102 0.549999 3.13705
    endloop
  endfacet
  facet normal -0.980779 0 0.195122
    outer loop
      vertex -1.01422 0.549999 3.27176
      vertex -1.04102 -0.549999 3.13705
      vertex -1.01422 -0.549999 3.27176
    endloop
  endfacet
  facet normal 0.831466 0 -0.555575
    outer loop
      vertex 0.909327 0.2 2.475
      vertex 0.83302 0.549999 2.3608
      vertex 0.909327 0.549999 2.475
    endloop
  endfacet
  facet normal 0.831466 0 -0.555575
    outer loop
      vertex 0.83302 0.549999 2.3608
      vertex 0.909327 0.2 2.475
      vertex 0.83302 0.2 2.3608
    endloop
  endfacet
  facet normal 0.896872 0 -0.442291
    outer loop
      vertex 0.970073 0.2 2.59818
      vertex 0.909327 0.549999 2.475
      vertex 0.970073 0.549999 2.59818
    endloop
  endfacet
  facet normal 0.896872 0 -0.442291
    outer loop
      vertex 0.909327 0.549999 2.475
      vertex 0.970073 0.2 2.59818
      vertex 0.909327 0.2 2.475
    endloop
  endfacet
  facet normal -0.0653824 0 0.99786
    outer loop
      vertex -0.137052 0.549999 4.04102
      vertex 0 -0.549999 4.05
      vertex 0 0.549999 4.05
    endloop
  endfacet
  facet normal -0.0653824 0 0.99786
    outer loop
      vertex 0 -0.549999 4.05
      vertex -0.137052 0.549999 4.04102
      vertex -0.137052 -0.549999 4.04102
    endloop
  endfacet
  facet normal -0.831466 0 -0.555575
    outer loop
      vertex -0.83302 0.2 2.3608
      vertex -0.909327 0.549999 2.475
      vertex -0.83302 0.549999 2.3608
    endloop
  endfacet
  facet normal -0.831466 -0 -0.555575
    outer loop
      vertex -0.909327 0.549999 2.475
      vertex -0.83302 0.2 2.3608
      vertex -0.909327 0.2 2.475
    endloop
  endfacet
  facet normal -0.195125 0 0.980778
    outer loop
      vertex -0.27176 0.549999 4.01422
      vertex -0.137052 -0.549999 4.04102
      vertex -0.137052 0.549999 4.04102
    endloop
  endfacet
  facet normal -0.195125 0 0.980778
    outer loop
      vertex -0.137052 -0.549999 4.04102
      vertex -0.27176 0.549999 4.01422
      vertex -0.27176 -0.549999 4.01422
    endloop
  endfacet
  facet normal -0.946919 0 -0.321471
    outer loop
      vertex -1.00464 0.2 2.7
      vertex -0.970073 0.549999 2.59818
      vertex -0.970073 0.2 2.59818
    endloop
  endfacet
  facet normal -0.946935 1.53204e-05 -0.321424
    outer loop
      vertex -0.970073 0.549999 2.59818
      vertex -1.00464 0.2 2.7
      vertex -1.01422 0.549999 2.72824
    endloop
  endfacet
  facet normal -0.946993 0 -0.321253
    outer loop
      vertex -1.01422 -0.549999 2.72824
      vertex -1.00464 0.2 2.7
      vertex -1.00464 -0.549999 2.7
    endloop
  endfacet
  facet normal -0.946993 0 -0.321253
    outer loop
      vertex -1.00464 0.2 2.7
      vertex -1.01422 -0.549999 2.72824
      vertex -1.01422 0.549999 2.72824
    endloop
  endfacet
  facet normal 0 -1 0
    outer loop
      vertex 0 -0.549999 3.55
      vertex 0 -0.549999 4.05
      vertex -0.137052 -0.549999 4.04102
    endloop
  endfacet
  facet normal 0 -1 0
    outer loop
      vertex -0.0717888 -0.549999 3.54529
      vertex -0.137052 -0.549999 4.04102
      vertex -0.27176 -0.549999 4.01422
    endloop
  endfacet
  facet normal 0 -1 0
    outer loop
      vertex 0 -0.549999 4.05
      vertex 0 -0.549999 3.55
      vertex 0.137052 -0.549999 4.04102
    endloop
  endfacet
  facet normal 0 -1 0
    outer loop
      vertex -0.14235 -0.549999 3.53126
      vertex -0.27176 -0.549999 4.01422
      vertex -0.401817 -0.549999 3.97007
    endloop
  endfacet
  facet normal 0 -1 0
    outer loop
      vertex 0.0717888 -0.549999 3.54529
      vertex 0.137052 -0.549999 4.04102
      vertex 0 -0.549999 3.55
    endloop
  endfacet
  facet normal 0 -1 0
    outer loop
      vertex -0.210475 -0.549999 3.50813
      vertex -0.401817 -0.549999 3.97007
      vertex -0.525 -0.549999 3.90933
    endloop
  endfacet
  facet normal 0 -1 -0
    outer loop
      vertex 0.137052 -0.549999 4.04102
      vertex 0.0717888 -0.549999 3.54529
      vertex 0.27176 -0.549999 4.01422
    endloop
  endfacet
  facet normal 0 -1 0
    outer loop
      vertex -0.275 -0.549999 3.47631
      vertex -0.525 -0.549999 3.90933
      vertex -0.639199 -0.549999 3.83302
    endloop
  endfacet
  facet normal 0 -1 0
    outer loop
      vertex 0.14235 -0.549999 3.53126
      vertex 0.27176 -0.549999 4.01422
      vertex 0.0717888 -0.549999 3.54529
    endloop
  endfacet
  facet normal 0 -1 0
    outer loop
      vertex -0.334818 -0.549999 3.43634
      vertex -0.639199 -0.549999 3.83302
      vertex -0.742461 -0.549999 3.74246
    endloop
  endfacet
  facet normal 0 -1 -0
    outer loop
      vertex 0.27176 -0.549999 4.01422
      vertex 0.14235 -0.549999 3.53126
      vertex 0.401817 -0.549999 3.97007
    endloop
  endfacet
  facet normal 0 -1 0
    outer loop
      vertex -0.388908 -0.549999 3.38891
      vertex -0.742461 -0.549999 3.74246
      vertex -0.83302 -0.549999 3.6392
    endloop
  endfacet
  facet normal 0 -1 0
    outer loop
      vertex 0.210475 -0.549999 3.50813
      vertex 0.401817 -0.549999 3.97007
      vertex 0.14235 -0.549999 3.53126
    endloop
  endfacet
  facet normal 0 -1 -0
    outer loop
      vertex 0.401817 -0.549999 3.97007
      vertex 0.210475 -0.549999 3.50813
      vertex 0.525 -0.549999 3.90933
    endloop
  endfacet
  facet normal 0 -1 0
    outer loop
      vertex -0.137052 -0.549999 4.04102
      vertex -0.0717888 -0.549999 3.54529
      vertex 0 -0.549999 3.55
    endloop
  endfacet
  facet normal 0 -1 0
    outer loop
      vertex -0.27176 -0.549999 4.01422
      vertex -0.14235 -0.549999 3.53126
      vertex -0.0717888 -0.549999 3.54529
    endloop
  endfacet
  facet normal 0 -1 0
    outer loop
      vertex -0.436344 -0.549999 3.33482
      vertex -0.83302 -0.549999 3.6392
      vertex -0.909327 -0.549999 3.525
    endloop
  endfacet
  facet normal 0 -1 0
    outer loop
      vertex -0.401817 -0.549999 3.97007
      vertex -0.210475 -0.549999 3.50813
      vertex -0.14235 -0.549999 3.53126
    endloop
  endfacet
  facet normal 0 -1 0
    outer loop
      vertex -0.525 -0.549999 3.90933
      vertex -0.275 -0.549999 3.47631
      vertex -0.210475 -0.549999 3.50813
    endloop
  endfacet
  facet normal 0 -1 0
    outer loop
      vertex -0.639199 -0.549999 3.83302
      vertex -0.334818 -0.549999 3.43634
      vertex -0.275 -0.549999 3.47631
    endloop
  endfacet
  facet normal 0 -1 0
    outer loop
      vertex -0.476314 -0.549999 3.275
      vertex -0.909327 -0.549999 3.525
      vertex -0.970073 -0.549999 3.40182
    endloop
  endfacet
  facet normal 0 -1 0
    outer loop
      vertex -0.742461 -0.549999 3.74246
      vertex -0.388908 -0.549999 3.38891
      vertex -0.334818 -0.549999 3.43634
    endloop
  endfacet
  facet normal 0 -1 0
    outer loop
      vertex -0.83302 -0.549999 3.6392
      vertex -0.436344 -0.549999 3.33482
      vertex -0.388908 -0.549999 3.38891
    endloop
  endfacet
  facet normal 0 -1 0
    outer loop
      vertex -0.909327 -0.549999 3.525
      vertex -0.476314 -0.549999 3.275
      vertex -0.436344 -0.549999 3.33482
    endloop
  endfacet
  facet normal 0 -1 0
    outer loop
      vertex -0.508133 -0.549999 3.21047
      vertex -0.970073 -0.549999 3.40182
      vertex -1.01422 -0.549999 3.27176
    endloop
  endfacet
  facet normal 0 -1 0
    outer loop
      vertex -0.970073 -0.549999 3.40182
      vertex -0.508133 -0.549999 3.21047
      vertex -0.476314 -0.549999 3.275
    endloop
  endfacet
  facet normal 0 -1 0
    outer loop
      vertex -1.01422 -0.549999 3.27176
      vertex -0.531259 -0.549999 3.14235
      vertex -0.508133 -0.549999 3.21047
    endloop
  endfacet
  facet normal 0 -1 0
    outer loop
      vertex -1.04102 -0.549999 3.13705
      vertex -0.531259 -0.549999 3.14235
      vertex -1.01422 -0.549999 3.27176
    endloop
  endfacet
  facet normal 0 -1 0
    outer loop
      vertex -1.04102 -0.549999 3.13705
      vertex -0.545294 -0.549999 3.07179
      vertex -0.531259 -0.549999 3.14235
    endloop
  endfacet
  facet normal 0 -1 0
    outer loop
      vertex -1.05 -0.549999 3
      vertex -0.545294 -0.549999 3.07179
      vertex -1.04102 -0.549999 3.13705
    endloop
  endfacet
  facet normal 0 -1 0
    outer loop
      vertex -1.05 -0.549999 3
      vertex -0.549999 -0.549999 3
      vertex -0.545294 -0.549999 3.07179
    endloop
  endfacet
  facet normal 0 -1 0
    outer loop
      vertex -1.05 -0.549999 3
      vertex -0.545294 -0.549999 2.92821
      vertex -0.549999 -0.549999 3
    endloop
  endfacet
  facet normal 0 -1 0
    outer loop
      vertex -1.04102 -0.549999 2.86295
      vertex -0.545294 -0.549999 2.92821
      vertex -1.05 -0.549999 3
    endloop
  endfacet
  facet normal 0 -1 0
    outer loop
      vertex -1.04102 -0.549999 2.86295
      vertex -0.531259 -0.549999 2.85765
      vertex -0.545294 -0.549999 2.92821
    endloop
  endfacet
  facet normal 0 -1 0
    outer loop
      vertex -1.01422 -0.549999 2.72824
      vertex -0.531259 -0.549999 2.85765
      vertex -1.04102 -0.549999 2.86295
    endloop
  endfacet
  facet normal 0 -1 0
    outer loop
      vertex -1.00464 -0.549999 2.7
      vertex -0.531259 -0.549999 2.85765
      vertex -1.01422 -0.549999 2.72824
    endloop
  endfacet
  facet normal 0 -1 -0
    outer loop
      vertex -0.531259 -0.549999 2.85765
      vertex -1.00464 -0.549999 2.7
      vertex -0.508133 -0.549999 2.78952
    endloop
  endfacet
  facet normal 0 -1 -0
    outer loop
      vertex -0.508133 -0.549999 2.78952
      vertex -1.00464 -0.549999 2.7
      vertex -0.476314 -0.549999 2.725
    endloop
  endfacet
  facet normal 0 -1 -0
    outer loop
      vertex -0.476314 -0.549999 2.725
      vertex -1.00464 -0.549999 2.7
      vertex -0.459609 -0.549999 2.7
    endloop
  endfacet
  facet normal 0 -1 0
    outer loop
      vertex 0.275 -0.549999 3.47631
      vertex 0.525 -0.549999 3.90933
      vertex 0.210475 -0.549999 3.50813
    endloop
  endfacet
  facet normal 0 -1 -0
    outer loop
      vertex 0.525 -0.549999 3.90933
      vertex 0.275 -0.549999 3.47631
      vertex 0.639199 -0.549999 3.83302
    endloop
  endfacet
  facet normal 0 -1 0
    outer loop
      vertex 0.334818 -0.549999 3.43634
      vertex 0.639199 -0.549999 3.83302
      vertex 0.275 -0.549999 3.47631
    endloop
  endfacet
  facet normal 0 -1 -0
    outer loop
      vertex 0.639199 -0.549999 3.83302
      vertex 0.334818 -0.549999 3.43634
      vertex 0.742461 -0.549999 3.74246
    endloop
  endfacet
  facet normal 0 -1 0
    outer loop
      vertex 0.388908 -0.549999 3.38891
      vertex 0.742461 -0.549999 3.74246
      vertex 0.334818 -0.549999 3.43634
    endloop
  endfacet
  facet normal 0 -1 -0
    outer loop
      vertex 0.742461 -0.549999 3.74246
      vertex 0.388908 -0.549999 3.38891
      vertex 0.83302 -0.549999 3.6392
    endloop
  endfacet
  facet normal 0 -1 0
    outer loop
      vertex 0.436344 -0.549999 3.33482
      vertex 0.83302 -0.549999 3.6392
      vertex 0.388908 -0.549999 3.38891
    endloop
  endfacet
  facet normal 0 -1 -0
    outer loop
      vertex 0.83302 -0.549999 3.6392
      vertex 0.436344 -0.549999 3.33482
      vertex 0.909327 -0.549999 3.525
    endloop
  endfacet
  facet normal 0 -1 0
    outer loop
      vertex 0.476314 -0.549999 3.275
      vertex 0.909327 -0.549999 3.525
      vertex 0.436344 -0.549999 3.33482
    endloop
  endfacet
  facet normal 0 -1 -0
    outer loop
      vertex 0.909327 -0.549999 3.525
      vertex 0.476314 -0.549999 3.275
      vertex 0.970073 -0.549999 3.40182
    endloop
  endfacet
  facet normal 0 -1 0
    outer loop
      vertex 0.508133 -0.549999 3.21047
      vertex 0.970073 -0.549999 3.40182
      vertex 0.476314 -0.549999 3.275
    endloop
  endfacet
  facet normal 0 -1 -0
    outer loop
      vertex 0.970073 -0.549999 3.40182
      vertex 0.508133 -0.549999 3.21047
      vertex 1.01422 -0.549999 3.27176
    endloop
  endfacet
  facet normal 0 -1 0
    outer loop
      vertex 0.531259 -0.549999 3.14235
      vertex 1.01422 -0.549999 3.27176
      vertex 0.508133 -0.549999 3.21047
    endloop
  endfacet
  facet normal 0 -1 0
    outer loop
      vertex 0.531259 -0.549999 3.14235
      vertex 1.04102 -0.549999 3.13705
      vertex 1.01422 -0.549999 3.27176
    endloop
  endfacet
  facet normal 0 -1 0
    outer loop
      vertex 0.545294 -0.549999 3.07179
      vertex 1.04102 -0.549999 3.13705
      vertex 0.531259 -0.549999 3.14235
    endloop
  endfacet
  facet normal 0 -1 0
    outer loop
      vertex 0.549999 -0.549999 3
      vertex 1.04102 -0.549999 3.13705
      vertex 0.545294 -0.549999 3.07179
    endloop
  endfacet
  facet normal 0 -1 0
    outer loop
      vertex 0.549999 -0.549999 3
      vertex 1.05 -0.549999 3
      vertex 1.04102 -0.549999 3.13705
    endloop
  endfacet
  facet normal 0 -1 0
    outer loop
      vertex 0.545294 -0.549999 2.92821
      vertex 1.05 -0.549999 3
      vertex 0.549999 -0.549999 3
    endloop
  endfacet
  facet normal 0 -1 0
    outer loop
      vertex 0.545294 -0.549999 2.92821
      vertex 1.04102 -0.549999 2.86295
      vertex 1.05 -0.549999 3
    endloop
  endfacet
  facet normal 0 -1 0
    outer loop
      vertex 0.531259 -0.549999 2.85765
      vertex 1.04102 -0.549999 2.86295
      vertex 0.545294 -0.549999 2.92821
    endloop
  endfacet
  facet normal 0 -1 0
    outer loop
      vertex 1.00464 -0.549999 2.7
      vertex 0.531259 -0.549999 2.85765
      vertex 0.508133 -0.549999 2.78952
    endloop
  endfacet
  facet normal 0 -1 0
    outer loop
      vertex 0.531259 -0.549999 2.85765
      vertex 1.01422 -0.549999 2.72824
      vertex 1.04102 -0.549999 2.86295
    endloop
  endfacet
  facet normal 0 -1 0
    outer loop
      vertex 1.00464 -0.549999 2.7
      vertex 0.508133 -0.549999 2.78952
      vertex 0.476314 -0.549999 2.725
    endloop
  endfacet
  facet normal 0 -1 0
    outer loop
      vertex 1.00464 -0.549999 2.7
      vertex 0.476314 -0.549999 2.725
      vertex 0.459609 -0.549999 2.7
    endloop
  endfacet
  facet normal 0 -1 0
    outer loop
      vertex 0.531259 -0.549999 2.85765
      vertex 1.00464 -0.549999 2.7
      vertex 1.01422 -0.549999 2.72824
    endloop
  endfacet
  facet normal 0.555594 0 0.831454
    outer loop
      vertex 0.525 0.549999 3.90933
      vertex 0.639199 -0.549999 3.83302
      vertex 0.639199 0.549999 3.83302
    endloop
  endfacet
  facet normal 0.555594 0 0.831454
    outer loop
      vertex 0.639199 -0.549999 3.83302
      vertex 0.525 0.549999 3.90933
      vertex 0.525 -0.549999 3.90933
    endloop
  endfacet
  facet normal 0.751831 0 -0.659356
    outer loop
      vertex 0.83302 0.2 2.3608
      vertex 0.742461 0.549999 2.25754
      vertex 0.83302 0.549999 2.3608
    endloop
  endfacet
  facet normal 0.751831 0 -0.659356
    outer loop
      vertex 0.742461 0.549999 2.25754
      vertex 0.83302 0.2 2.3608
      vertex 0.742461 0.2 2.25754
    endloop
  endfacet
  facet normal -0.896872 0 0.442291
    outer loop
      vertex -0.970073 -0.549999 3.40182
      vertex -0.909327 0.549999 3.525
      vertex -0.970073 0.549999 3.40182
    endloop
  endfacet
  facet normal -0.896872 0 0.442291
    outer loop
      vertex -0.909327 0.549999 3.525
      vertex -0.970073 -0.549999 3.40182
      vertex -0.909327 -0.549999 3.525
    endloop
  endfacet
  facet normal -0.555594 0 0.831454
    outer loop
      vertex -0.639199 0.549999 3.83302
      vertex -0.525 -0.549999 3.90933
      vertex -0.525 0.549999 3.90933
    endloop
  endfacet
  facet normal -0.555594 0 0.831454
    outer loop
      vertex -0.525 -0.549999 3.90933
      vertex -0.639199 0.549999 3.83302
      vertex -0.639199 -0.549999 3.83302
    endloop
  endfacet
  facet normal -0.99786 0 -0.0653833
    outer loop
      vertex -1.04102 -0.549999 2.86295
      vertex -1.05 0.549999 3
      vertex -1.04102 0.549999 2.86295
    endloop
  endfacet
  facet normal -0.99786 -0 -0.0653833
    outer loop
      vertex -1.05 0.549999 3
      vertex -1.04102 -0.549999 2.86295
      vertex -1.05 -0.549999 3
    endloop
  endfacet
  facet normal 0.99786 0 -0.0653833
    outer loop
      vertex 1.05 -0.549999 3
      vertex 1.04102 0.549999 2.86295
      vertex 1.05 0.549999 3
    endloop
  endfacet
  facet normal 0.99786 0 -0.0653833
    outer loop
      vertex 1.04102 0.549999 2.86295
      vertex 1.05 -0.549999 3
      vertex 1.04102 -0.549999 2.86295
    endloop
  endfacet
  facet normal 0.751831 -0 0.659356
    outer loop
      vertex 0.742461 -0.549999 3.74246
      vertex 0.83302 0.549999 3.6392
      vertex 0.742461 0.549999 3.74246
    endloop
  endfacet
  facet normal 0.751831 0 0.659356
    outer loop
      vertex 0.83302 0.549999 3.6392
      vertex 0.742461 -0.549999 3.74246
      vertex 0.83302 -0.549999 3.6392
    endloop
  endfacet
  facet normal 0.896872 -0 0.442291
    outer loop
      vertex 0.909327 -0.549999 3.525
      vertex 0.970073 0.549999 3.40182
      vertex 0.909327 0.549999 3.525
    endloop
  endfacet
  facet normal 0.896872 0 0.442291
    outer loop
      vertex 0.970073 0.549999 3.40182
      vertex 0.909327 -0.549999 3.525
      vertex 0.970073 -0.549999 3.40182
    endloop
  endfacet
  facet normal 0.946935 -0 0.321424
    outer loop
      vertex 0.970073 -0.549999 3.40182
      vertex 1.01422 0.549999 3.27176
      vertex 0.970073 0.549999 3.40182
    endloop
  endfacet
  facet normal 0.946935 0 0.321424
    outer loop
      vertex 1.01422 0.549999 3.27176
      vertex 0.970073 -0.549999 3.40182
      vertex 1.01422 -0.549999 3.27176
    endloop
  endfacet
  facet normal -0.980779 0 -0.195122
    outer loop
      vertex -1.01422 -0.549999 2.72824
      vertex -1.04102 0.549999 2.86295
      vertex -1.01422 0.549999 2.72824
    endloop
  endfacet
  facet normal -0.980779 -0 -0.195122
    outer loop
      vertex -1.04102 0.549999 2.86295
      vertex -1.01422 -0.549999 2.72824
      vertex -1.04102 -0.549999 2.86295
    endloop
  endfacet
  facet normal -0.99786 0 0.0653833
    outer loop
      vertex -1.05 -0.549999 3
      vertex -1.04102 0.549999 3.13705
      vertex -1.05 0.549999 3
    endloop
  endfacet
  facet normal -0.99786 0 0.0653833
    outer loop
      vertex -1.04102 0.549999 3.13705
      vertex -1.05 -0.549999 3
      vertex -1.04102 -0.549999 3.13705
    endloop
  endfacet
  facet normal -0.659353 0 0.751834
    outer loop
      vertex -0.742461 0.549999 3.74246
      vertex -0.639199 -0.549999 3.83302
      vertex -0.639199 0.549999 3.83302
    endloop
  endfacet
  facet normal -0.659353 0 0.751834
    outer loop
      vertex -0.639199 -0.549999 3.83302
      vertex -0.742461 0.549999 3.74246
      vertex -0.742461 -0.549999 3.74246
    endloop
  endfacet
  facet normal 0.195125 0 0.980778
    outer loop
      vertex 0.137052 0.549999 4.04102
      vertex 0.27176 -0.549999 4.01422
      vertex 0.27176 0.549999 4.01422
    endloop
  endfacet
  facet normal 0.195125 0 0.980778
    outer loop
      vertex 0.27176 -0.549999 4.01422
      vertex 0.137052 0.549999 4.04102
      vertex 0.137052 -0.549999 4.04102
    endloop
  endfacet
  facet normal -0.442247 0 0.896893
    outer loop
      vertex -0.525 0.549999 3.90933
      vertex -0.401817 -0.549999 3.97007
      vertex -0.401817 0.549999 3.97007
    endloop
  endfacet
  facet normal -0.442247 0 0.896893
    outer loop
      vertex -0.401817 -0.549999 3.97007
      vertex -0.525 0.549999 3.90933
      vertex -0.525 -0.549999 3.90933
    endloop
  endfacet
  facet normal -0.659353 0 -0.751834
    outer loop
      vertex -0.742461 0.2 2.25754
      vertex -0.639199 0.549999 2.16698
      vertex -0.639199 0.2 2.16698
    endloop
  endfacet
  facet normal -0.659353 0 -0.751834
    outer loop
      vertex -0.639199 0.549999 2.16698
      vertex -0.742461 0.2 2.25754
      vertex -0.742461 0.549999 2.25754
    endloop
  endfacet
  facet normal 0.0653824 0 0.99786
    outer loop
      vertex 0 0.549999 4.05
      vertex 0.137052 -0.549999 4.04102
      vertex 0.137052 0.549999 4.04102
    endloop
  endfacet
  facet normal 0.0653824 0 0.99786
    outer loop
      vertex 0.137052 -0.549999 4.04102
      vertex 0 0.549999 4.05
      vertex 0 -0.549999 4.05
    endloop
  endfacet
  facet normal -0.751831 0 0.659356
    outer loop
      vertex -0.83302 -0.549999 3.6392
      vertex -0.742461 0.549999 3.74246
      vertex -0.83302 0.549999 3.6392
    endloop
  endfacet
  facet normal -0.751831 0 0.659356
    outer loop
      vertex -0.742461 0.549999 3.74246
      vertex -0.83302 -0.549999 3.6392
      vertex -0.742461 -0.549999 3.74246
    endloop
  endfacet
  facet normal 0.659353 0 -0.751834
    outer loop
      vertex 0.639199 0.2 2.16698
      vertex 0.742461 0.549999 2.25754
      vertex 0.742461 0.2 2.25754
    endloop
  endfacet
  facet normal 0.659353 0 -0.751834
    outer loop
      vertex 0.742461 0.549999 2.25754
      vertex 0.639199 0.2 2.16698
      vertex 0.639199 0.549999 2.16698
    endloop
  endfacet
  facet normal -0.751831 0 -0.659356
    outer loop
      vertex -0.742461 0.2 2.25754
      vertex -0.83302 0.549999 2.3608
      vertex -0.742461 0.549999 2.25754
    endloop
  endfacet
  facet normal -0.751831 -0 -0.659356
    outer loop
      vertex -0.83302 0.549999 2.3608
      vertex -0.742461 0.2 2.25754
      vertex -0.83302 0.2 2.3608
    endloop
  endfacet
  facet normal 0 1 0
    outer loop
      vertex 0 0.549999 3.55
      vertex 0 0.549999 4.05
      vertex 0.137052 0.549999 4.04102
    endloop
  endfacet
  facet normal 0 1 0
    outer loop
      vertex 0.0717888 0.549999 3.54529
      vertex 0.137052 0.549999 4.04102
      vertex 0.27176 0.549999 4.01422
    endloop
  endfacet
  facet normal 0 1 0
    outer loop
      vertex 0 0.549999 4.05
      vertex 0 0.549999 3.55
      vertex -0.137052 0.549999 4.04102
    endloop
  endfacet
  facet normal 0 1 0
    outer loop
      vertex 0.14235 0.549999 3.53126
      vertex 0.27176 0.549999 4.01422
      vertex 0.401817 0.549999 3.97007
    endloop
  endfacet
  facet normal 0 1 -0
    outer loop
      vertex -0.0717888 0.549999 3.54529
      vertex -0.137052 0.549999 4.04102
      vertex 0 0.549999 3.55
    endloop
  endfacet
  facet normal 0 1 0
    outer loop
      vertex 0.210475 0.549999 3.50813
      vertex 0.401817 0.549999 3.97007
      vertex 0.525 0.549999 3.90933
    endloop
  endfacet
  facet normal 0 1 0
    outer loop
      vertex -0.137052 0.549999 4.04102
      vertex -0.0717888 0.549999 3.54529
      vertex -0.27176 0.549999 4.01422
    endloop
  endfacet
  facet normal 0 1 0
    outer loop
      vertex 0.275 0.549999 3.47631
      vertex 0.525 0.549999 3.90933
      vertex 0.639199 0.549999 3.83302
    endloop
  endfacet
  facet normal 0 1 -0
    outer loop
      vertex -0.14235 0.549999 3.53126
      vertex -0.27176 0.549999 4.01422
      vertex -0.0717888 0.549999 3.54529
    endloop
  endfacet
  facet normal 0 1 0
    outer loop
      vertex 0.334818 0.549999 3.43634
      vertex 0.639199 0.549999 3.83302
      vertex 0.742461 0.549999 3.74246
    endloop
  endfacet
  facet normal 0 1 0
    outer loop
      vertex -0.27176 0.549999 4.01422
      vertex -0.14235 0.549999 3.53126
      vertex -0.401817 0.549999 3.97007
    endloop
  endfacet
  facet normal 0 1 0
    outer loop
      vertex 0.388908 0.549999 3.38891
      vertex 0.742461 0.549999 3.74246
      vertex 0.83302 0.549999 3.6392
    endloop
  endfacet
  facet normal 0 1 -0
    outer loop
      vertex -0.210475 0.549999 3.50813
      vertex -0.401817 0.549999 3.97007
      vertex -0.14235 0.549999 3.53126
    endloop
  endfacet
  facet normal 0 1 0
    outer loop
      vertex -0.401817 0.549999 3.97007
      vertex -0.210475 0.549999 3.50813
      vertex -0.525 0.549999 3.90933
    endloop
  endfacet
  facet normal 0 1 0
    outer loop
      vertex 0.137052 0.549999 4.04102
      vertex 0.0717888 0.549999 3.54529
      vertex 0 0.549999 3.55
    endloop
  endfacet
  facet normal 0 1 0
    outer loop
      vertex 0.27176 0.549999 4.01422
      vertex 0.14235 0.549999 3.53126
      vertex 0.0717888 0.549999 3.54529
    endloop
  endfacet
  facet normal 0 1 0
    outer loop
      vertex 0.436344 0.549999 3.33482
      vertex 0.83302 0.549999 3.6392
      vertex 0.909327 0.549999 3.525
    endloop
  endfacet
  facet normal 0 1 0
    outer loop
      vertex 0.401817 0.549999 3.97007
      vertex 0.210475 0.549999 3.50813
      vertex 0.14235 0.549999 3.53126
    endloop
  endfacet
  facet normal 0 1 0
    outer loop
      vertex 0.525 0.549999 3.90933
      vertex 0.275 0.549999 3.47631
      vertex 0.210475 0.549999 3.50813
    endloop
  endfacet
  facet normal 0 1 0
    outer loop
      vertex 0.639199 0.549999 3.83302
      vertex 0.334818 0.549999 3.43634
      vertex 0.275 0.549999 3.47631
    endloop
  endfacet
  facet normal 0 1 0
    outer loop
      vertex 0.476314 0.549999 3.275
      vertex 0.909327 0.549999 3.525
      vertex 0.970073 0.549999 3.40182
    endloop
  endfacet
  facet normal 0 1 0
    outer loop
      vertex 0.742461 0.549999 3.74246
      vertex 0.388908 0.549999 3.38891
      vertex 0.334818 0.549999 3.43634
    endloop
  endfacet
  facet normal 0 1 0
    outer loop
      vertex 0.83302 0.549999 3.6392
      vertex 0.436344 0.549999 3.33482
      vertex 0.388908 0.549999 3.38891
    endloop
  endfacet
  facet normal 0 1 0
    outer loop
      vertex 0.909327 0.549999 3.525
      vertex 0.476314 0.549999 3.275
      vertex 0.436344 0.549999 3.33482
    endloop
  endfacet
  facet normal 0 1 0
    outer loop
      vertex 0.508133 0.549999 3.21047
      vertex 0.970073 0.549999 3.40182
      vertex 1.01422 0.549999 3.27176
    endloop
  endfacet
  facet normal 0 1 0
    outer loop
      vertex 0.970073 0.549999 3.40182
      vertex 0.508133 0.549999 3.21047
      vertex 0.476314 0.549999 3.275
    endloop
  endfacet
  facet normal 0 1 0
    outer loop
      vertex 1.01422 0.549999 3.27176
      vertex 0.531259 0.549999 3.14235
      vertex 0.508133 0.549999 3.21047
    endloop
  endfacet
  facet normal 0 1 0
    outer loop
      vertex 1.04102 0.549999 3.13705
      vertex 0.531259 0.549999 3.14235
      vertex 1.01422 0.549999 3.27176
    endloop
  endfacet
  facet normal 0 1 0
    outer loop
      vertex 1.04102 0.549999 3.13705
      vertex 0.545294 0.549999 3.07179
      vertex 0.531259 0.549999 3.14235
    endloop
  endfacet
  facet normal 0 1 0
    outer loop
      vertex 1.05 0.549999 3
      vertex 0.545294 0.549999 3.07179
      vertex 1.04102 0.549999 3.13705
    endloop
  endfacet
  facet normal 0 1 0
    outer loop
      vertex 1.05 0.549999 3
      vertex 0.549999 0.549999 3
      vertex 0.545294 0.549999 3.07179
    endloop
  endfacet
  facet normal 0 1 0
    outer loop
      vertex 1.05 0.549999 3
      vertex 0.545294 0.549999 2.92821
      vertex 0.549999 0.549999 3
    endloop
  endfacet
  facet normal 0 1 -0
    outer loop
      vertex 1.04102 0.549999 2.86295
      vertex 0.545294 0.549999 2.92821
      vertex 1.05 0.549999 3
    endloop
  endfacet
  facet normal 0 1 0
    outer loop
      vertex 1.04102 0.549999 2.86295
      vertex 0.531259 0.549999 2.85765
      vertex 0.545294 0.549999 2.92821
    endloop
  endfacet
  facet normal 0 1 -0
    outer loop
      vertex 1.01422 0.549999 2.72824
      vertex 0.531259 0.549999 2.85765
      vertex 1.04102 0.549999 2.86295
    endloop
  endfacet
  facet normal 0 1 0
    outer loop
      vertex 0.531259 0.549999 2.85765
      vertex 1.01422 0.549999 2.72824
      vertex 0.508133 0.549999 2.78952
    endloop
  endfacet
  facet normal 0 1 -0
    outer loop
      vertex 0.970073 0.549999 2.59818
      vertex 0.508133 0.549999 2.78952
      vertex 1.01422 0.549999 2.72824
    endloop
  endfacet
  facet normal 0 1 0
    outer loop
      vertex 0.508133 0.549999 2.78952
      vertex 0.970073 0.549999 2.59818
      vertex 0.476314 0.549999 2.725
    endloop
  endfacet
  facet normal 0 1 -0
    outer loop
      vertex 0.909327 0.549999 2.475
      vertex 0.476314 0.549999 2.725
      vertex 0.970073 0.549999 2.59818
    endloop
  endfacet
  facet normal 0 1 0
    outer loop
      vertex 0.476314 0.549999 2.725
      vertex 0.909327 0.549999 2.475
      vertex 0.436344 0.549999 2.66518
    endloop
  endfacet
  facet normal 0 1 -0
    outer loop
      vertex 0.83302 0.549999 2.3608
      vertex 0.436344 0.549999 2.66518
      vertex 0.909327 0.549999 2.475
    endloop
  endfacet
  facet normal 0 1 0
    outer loop
      vertex 0.436344 0.549999 2.66518
      vertex 0.83302 0.549999 2.3608
      vertex 0.388908 0.549999 2.61109
    endloop
  endfacet
  facet normal 0 1 -0
    outer loop
      vertex 0.742461 0.549999 2.25754
      vertex 0.388908 0.549999 2.61109
      vertex 0.83302 0.549999 2.3608
    endloop
  endfacet
  facet normal 0 1 0
    outer loop
      vertex 0.388908 0.549999 2.61109
      vertex 0.742461 0.549999 2.25754
      vertex 0.334818 0.549999 2.56365
    endloop
  endfacet
  facet normal 0 1 -0
    outer loop
      vertex 0.639199 0.549999 2.16698
      vertex 0.334818 0.549999 2.56365
      vertex 0.742461 0.549999 2.25754
    endloop
  endfacet
  facet normal 0 1 -0
    outer loop
      vertex 0.575 0.549999 2.12408
      vertex 0.334818 0.549999 2.56365
      vertex 0.639199 0.549999 2.16698
    endloop
  endfacet
  facet normal 0 1 0
    outer loop
      vertex 0.334818 0.549999 2.56365
      vertex 0.575 0.549999 2.12408
      vertex 0.275 0.549999 2.52369
    endloop
  endfacet
  facet normal 0 1 0
    outer loop
      vertex 0.275 0.549999 2.52369
      vertex 0.575 0.549999 2.12408
      vertex 0.210475 0.549999 2.49187
    endloop
  endfacet
  facet normal 0 1 0
    outer loop
      vertex -0.160788 0.549999 2.475
      vertex -0.83302 0.549999 2.3608
      vertex -0.909327 0.549999 2.475
    endloop
  endfacet
  facet normal 0 1 0
    outer loop
      vertex 0.210475 0.549999 2.49187
      vertex 0.575 0.549999 2.12408
      vertex 0.160788 0.549999 2.475
    endloop
  endfacet
  facet normal 0 1 0
    outer loop
      vertex -0.575 0.549999 2.12408
      vertex -0.160788 0.549999 2.475
      vertex 0.575 0.549999 2.12408
    endloop
  endfacet
  facet normal 0 1 0
    outer loop
      vertex 0.160788 0.549999 2.475
      vertex 0.575 0.549999 2.12408
      vertex -0.160788 0.549999 2.475
    endloop
  endfacet
  facet normal -0 1 0
    outer loop
      vertex -0.639199 0.549999 2.16698
      vertex -0.160788 0.549999 2.475
      vertex -0.575 0.549999 2.12408
    endloop
  endfacet
  facet normal 0 1 0
    outer loop
      vertex -0.160788 0.549999 2.475
      vertex -0.742461 0.549999 2.25754
      vertex -0.83302 0.549999 2.3608
    endloop
  endfacet
  facet normal 0 1 0
    outer loop
      vertex -0.160788 0.549999 2.475
      vertex -0.639199 0.549999 2.16698
      vertex -0.742461 0.549999 2.25754
    endloop
  endfacet
  facet normal 0 1 -0
    outer loop
      vertex 0.575 0.549999 1.325
      vertex -0.575 0.549999 2.12408
      vertex 0.575 0.549999 2.12408
    endloop
  endfacet
  facet normal 0 1 0
    outer loop
      vertex -0.575 0.549999 2.12408
      vertex 0.575 0.549999 1.325
      vertex -0.575 0.549999 1.325
    endloop
  endfacet
  facet normal 0 1 -0
    outer loop
      vertex -0.275 0.549999 3.47631
      vertex -0.525 0.549999 3.90933
      vertex -0.210475 0.549999 3.50813
    endloop
  endfacet
  facet normal 0 1 0
    outer loop
      vertex -0.525 0.549999 3.90933
      vertex -0.275 0.549999 3.47631
      vertex -0.639199 0.549999 3.83302
    endloop
  endfacet
  facet normal 0 1 -0
    outer loop
      vertex -0.334818 0.549999 3.43634
      vertex -0.639199 0.549999 3.83302
      vertex -0.275 0.549999 3.47631
    endloop
  endfacet
  facet normal 0 1 0
    outer loop
      vertex -0.639199 0.549999 3.83302
      vertex -0.334818 0.549999 3.43634
      vertex -0.742461 0.549999 3.74246
    endloop
  endfacet
  facet normal 0 1 -0
    outer loop
      vertex -0.388908 0.549999 3.38891
      vertex -0.742461 0.549999 3.74246
      vertex -0.334818 0.549999 3.43634
    endloop
  endfacet
  facet normal 0 1 0
    outer loop
      vertex -0.742461 0.549999 3.74246
      vertex -0.388908 0.549999 3.38891
      vertex -0.83302 0.549999 3.6392
    endloop
  endfacet
  facet normal 0 1 -0
    outer loop
      vertex -0.436344 0.549999 3.33482
      vertex -0.83302 0.549999 3.6392
      vertex -0.388908 0.549999 3.38891
    endloop
  endfacet
  facet normal 0 1 0
    outer loop
      vertex -0.83302 0.549999 3.6392
      vertex -0.436344 0.549999 3.33482
      vertex -0.909327 0.549999 3.525
    endloop
  endfacet
  facet normal 0 1 -0
    outer loop
      vertex -0.476314 0.549999 3.275
      vertex -0.909327 0.549999 3.525
      vertex -0.436344 0.549999 3.33482
    endloop
  endfacet
  facet normal 0 1 0
    outer loop
      vertex -0.909327 0.549999 3.525
      vertex -0.476314 0.549999 3.275
      vertex -0.970073 0.549999 3.40182
    endloop
  endfacet
  facet normal 0 1 -0
    outer loop
      vertex -0.508133 0.549999 3.21047
      vertex -0.970073 0.549999 3.40182
      vertex -0.476314 0.549999 3.275
    endloop
  endfacet
  facet normal 0 1 0
    outer loop
      vertex -0.970073 0.549999 3.40182
      vertex -0.508133 0.549999 3.21047
      vertex -1.01422 0.549999 3.27176
    endloop
  endfacet
  facet normal 0 1 -0
    outer loop
      vertex -0.531259 0.549999 3.14235
      vertex -1.01422 0.549999 3.27176
      vertex -0.508133 0.549999 3.21047
    endloop
  endfacet
  facet normal 0 1 0
    outer loop
      vertex -0.531259 0.549999 3.14235
      vertex -1.04102 0.549999 3.13705
      vertex -1.01422 0.549999 3.27176
    endloop
  endfacet
  facet normal 0 1 -0
    outer loop
      vertex -0.545294 0.549999 3.07179
      vertex -1.04102 0.549999 3.13705
      vertex -0.531259 0.549999 3.14235
    endloop
  endfacet
  facet normal 0 1 -0
    outer loop
      vertex -0.549999 0.549999 3
      vertex -1.04102 0.549999 3.13705
      vertex -0.545294 0.549999 3.07179
    endloop
  endfacet
  facet normal 0 1 0
    outer loop
      vertex -0.549999 0.549999 3
      vertex -1.05 0.549999 3
      vertex -1.04102 0.549999 3.13705
    endloop
  endfacet
  facet normal 0 1 0
    outer loop
      vertex -0.545294 0.549999 2.92821
      vertex -1.05 0.549999 3
      vertex -0.549999 0.549999 3
    endloop
  endfacet
  facet normal 0 1 0
    outer loop
      vertex -0.545294 0.549999 2.92821
      vertex -1.04102 0.549999 2.86295
      vertex -1.05 0.549999 3
    endloop
  endfacet
  facet normal 0 1 0
    outer loop
      vertex -0.531259 0.549999 2.85765
      vertex -1.04102 0.549999 2.86295
      vertex -0.545294 0.549999 2.92821
    endloop
  endfacet
  facet normal 0 1 0
    outer loop
      vertex -1.01422 0.549999 2.72824
      vertex -0.531259 0.549999 2.85765
      vertex -0.508133 0.549999 2.78952
    endloop
  endfacet
  facet normal 0 1 0
    outer loop
      vertex -0.531259 0.549999 2.85765
      vertex -1.01422 0.549999 2.72824
      vertex -1.04102 0.549999 2.86295
    endloop
  endfacet
  facet normal 0 1 0
    outer loop
      vertex -0.970073 0.549999 2.59818
      vertex -0.508133 0.549999 2.78952
      vertex -0.476314 0.549999 2.725
    endloop
  endfacet
  facet normal 0 1 0
    outer loop
      vertex -0.909327 0.549999 2.475
      vertex -0.476314 0.549999 2.725
      vertex -0.436344 0.549999 2.66518
    endloop
  endfacet
  facet normal 0 1 0
    outer loop
      vertex -0.909327 0.549999 2.475
      vertex -0.436344 0.549999 2.66518
      vertex -0.388908 0.549999 2.61109
    endloop
  endfacet
  facet normal 0 1 0
    outer loop
      vertex -0.508133 0.549999 2.78952
      vertex -0.970073 0.549999 2.59818
      vertex -1.01422 0.549999 2.72824
    endloop
  endfacet
  facet normal 0 1 0
    outer loop
      vertex -0.909327 0.549999 2.475
      vertex -0.388908 0.549999 2.61109
      vertex -0.334818 0.549999 2.56365
    endloop
  endfacet
  facet normal 0 1 0
    outer loop
      vertex -0.909327 0.549999 2.475
      vertex -0.334818 0.549999 2.56365
      vertex -0.275 0.549999 2.52369
    endloop
  endfacet
  facet normal 0 1 0
    outer loop
      vertex -0.909327 0.549999 2.475
      vertex -0.275 0.549999 2.52369
      vertex -0.210475 0.549999 2.49187
    endloop
  endfacet
  facet normal 0 1 0
    outer loop
      vertex -0.909327 0.549999 2.475
      vertex -0.210475 0.549999 2.49187
      vertex -0.160788 0.549999 2.475
    endloop
  endfacet
  facet normal 0 1 0
    outer loop
      vertex -0.476314 0.549999 2.725
      vertex -0.909327 0.549999 2.475
      vertex -0.970073 0.549999 2.59818
    endloop
  endfacet
  facet normal 0.659301 0 -0.751879
    outer loop
      vertex -0.388908 -0.549999 3.38891
      vertex -0.334818 0.549999 3.43634
      vertex -0.334818 -0.549999 3.43634
    endloop
  endfacet
  facet normal 0.659301 0 -0.751879
    outer loop
      vertex -0.334818 0.549999 3.43634
      vertex -0.388908 -0.549999 3.38891
      vertex -0.388908 0.549999 3.38891
    endloop
  endfacet
  facet normal 0.195017 0 -0.9808
    outer loop
      vertex -0.14235 -0.549999 3.53126
      vertex -0.0717888 0.549999 3.54529
      vertex -0.0717888 -0.549999 3.54529
    endloop
  endfacet
  facet normal 0.195017 0 -0.9808
    outer loop
      vertex -0.0717888 0.549999 3.54529
      vertex -0.14235 -0.549999 3.53126
      vertex -0.14235 0.549999 3.53126
    endloop
  endfacet
  facet normal -0.980786 0 -0.195087
    outer loop
      vertex 0.545294 -0.549999 3.07179
      vertex 0.531259 0.549999 3.14235
      vertex 0.545294 0.549999 3.07179
    endloop
  endfacet
  facet normal -0.980786 -0 -0.195087
    outer loop
      vertex 0.531259 0.549999 3.14235
      vertex 0.545294 -0.549999 3.07179
      vertex 0.531259 -0.549999 3.14235
    endloop
  endfacet
  facet normal -0.997859 0 -0.0653981
    outer loop
      vertex 0.549999 -0.549999 3
      vertex 0.545294 0.549999 3.07179
      vertex 0.549999 0.549999 3
    endloop
  endfacet
  facet normal -0.997859 -0 -0.0653981
    outer loop
      vertex 0.545294 0.549999 3.07179
      vertex 0.549999 -0.549999 3
      vertex 0.545294 -0.549999 3.07179
    endloop
  endfacet
  facet normal -0.659301 0 -0.751879
    outer loop
      vertex 0.334818 -0.549999 3.43634
      vertex 0.388908 0.549999 3.38891
      vertex 0.388908 -0.549999 3.38891
    endloop
  endfacet
  facet normal -0.659301 0 -0.751879
    outer loop
      vertex 0.388908 0.549999 3.38891
      vertex 0.334818 -0.549999 3.43634
      vertex 0.334818 0.549999 3.43634
    endloop
  endfacet
  facet normal -0.555579 0 -0.831464
    outer loop
      vertex 0.275 -0.549999 3.47631
      vertex 0.334818 0.549999 3.43634
      vertex 0.334818 -0.549999 3.43634
    endloop
  endfacet
  facet normal -0.555579 0 -0.831464
    outer loop
      vertex 0.334818 0.549999 3.43634
      vertex 0.275 -0.549999 3.47631
      vertex 0.275 0.549999 3.47631
    endloop
  endfacet
  facet normal -0.751837 0 -0.659349
    outer loop
      vertex 0.436344 -0.549999 3.33482
      vertex 0.388908 0.549999 3.38891
      vertex 0.436344 0.549999 3.33482
    endloop
  endfacet
  facet normal -0.751837 -0 -0.659349
    outer loop
      vertex 0.388908 0.549999 3.38891
      vertex 0.436344 -0.549999 3.33482
      vertex 0.388908 -0.549999 3.38891
    endloop
  endfacet
  facet normal -0.896893 0 -0.442248
    outer loop
      vertex 0.508133 -0.549999 3.21047
      vertex 0.476314 0.549999 3.275
      vertex 0.508133 0.549999 3.21047
    endloop
  endfacet
  facet normal -0.896893 -0 -0.442248
    outer loop
      vertex 0.476314 0.549999 3.275
      vertex 0.508133 -0.549999 3.21047
      vertex 0.476314 -0.549999 3.275
    endloop
  endfacet
  facet normal -0.555483 0 0.831528
    outer loop
      vertex 0.275 0.549999 2.52369
      vertex 0.334818 0.2 2.56365
      vertex 0.334818 0.549999 2.56365
    endloop
  endfacet
  facet normal -0.555483 0 0.831528
    outer loop
      vertex 0.334818 0.2 2.56365
      vertex 0.275 0.549999 2.52369
      vertex 0.275 0.2 2.52369
    endloop
  endfacet
  facet normal -0.946934 0 0.321427
    outer loop
      vertex 0.508133 -0.549999 2.78952
      vertex 0.531259 0.549999 2.85765
      vertex 0.508133 0.549999 2.78952
    endloop
  endfacet
  facet normal -0.946934 0 0.321427
    outer loop
      vertex 0.531259 0.549999 2.85765
      vertex 0.508133 -0.549999 2.78952
      vertex 0.531259 -0.549999 2.85765
    endloop
  endfacet
  facet normal 0.3215 0 0.94691
    outer loop
      vertex -0.210475 0.549999 2.49187
      vertex -0.160788 0.2 2.475
      vertex -0.160788 0.549999 2.475
    endloop
  endfacet
  facet normal 0.3215 0 0.94691
    outer loop
      vertex -0.160788 0.2 2.475
      vertex -0.210475 0.549999 2.49187
      vertex -0.210475 0.2 2.49187
    endloop
  endfacet
  facet normal 0.442286 0 -0.896874
    outer loop
      vertex -0.275 -0.549999 3.47631
      vertex -0.210475 0.549999 3.50813
      vertex -0.210475 -0.549999 3.50813
    endloop
  endfacet
  facet normal 0.442286 0 -0.896874
    outer loop
      vertex -0.210475 0.549999 3.50813
      vertex -0.275 -0.549999 3.47631
      vertex -0.275 0.549999 3.47631
    endloop
  endfacet
  facet normal -0.94692 0 -0.321469
    outer loop
      vertex 0.531259 -0.549999 3.14235
      vertex 0.508133 0.549999 3.21047
      vertex 0.531259 0.549999 3.14235
    endloop
  endfacet
  facet normal -0.94692 -0 -0.321469
    outer loop
      vertex 0.508133 0.549999 3.21047
      vertex 0.531259 -0.549999 3.14235
      vertex 0.508133 -0.549999 3.21047
    endloop
  endfacet
  facet normal 0.442286 0 0.896874
    outer loop
      vertex -0.275 0.549999 2.52369
      vertex -0.210475 0.2 2.49187
      vertex -0.210475 0.549999 2.49187
    endloop
  endfacet
  facet normal 0.442286 0 0.896874
    outer loop
      vertex -0.210475 0.2 2.49187
      vertex -0.275 0.549999 2.52369
      vertex -0.275 0.2 2.52369
    endloop
  endfacet
  facet normal 0.896866 -0 0.442303
    outer loop
      vertex -0.508133 -0.549999 2.78952
      vertex -0.476314 0.549999 2.725
      vertex -0.508133 0.549999 2.78952
    endloop
  endfacet
  facet normal 0.896866 0 0.442303
    outer loop
      vertex -0.476314 0.549999 2.725
      vertex -0.508133 -0.549999 2.78952
      vertex -0.476314 -0.549999 2.725
    endloop
  endfacet
  facet normal 0.555579 0 -0.831464
    outer loop
      vertex -0.334818 -0.549999 3.43634
      vertex -0.275 0.549999 3.47631
      vertex -0.275 -0.549999 3.47631
    endloop
  endfacet
  facet normal 0.555579 0 -0.831464
    outer loop
      vertex -0.275 0.549999 3.47631
      vertex -0.334818 -0.549999 3.43634
      vertex -0.334818 0.549999 3.43634
    endloop
  endfacet
  facet normal 0.751837 -0 0.659349
    outer loop
      vertex -0.436344 0.2 2.66518
      vertex -0.388908 0.549999 2.61109
      vertex -0.436344 0.549999 2.66518
    endloop
  endfacet
  facet normal 0.751837 0 0.659349
    outer loop
      vertex -0.388908 0.549999 2.61109
      vertex -0.436344 0.2 2.66518
      vertex -0.388908 0.2 2.61109
    endloop
  endfacet
  facet normal -0.896866 0 0.442303
    outer loop
      vertex 0.476314 -0.549999 2.725
      vertex 0.508133 0.549999 2.78952
      vertex 0.476314 0.549999 2.725
    endloop
  endfacet
  facet normal -0.896866 0 0.442303
    outer loop
      vertex 0.508133 0.549999 2.78952
      vertex 0.476314 -0.549999 2.725
      vertex 0.508133 -0.549999 2.78952
    endloop
  endfacet
  facet normal 0.831472 0 -0.555566
    outer loop
      vertex -0.436344 -0.549999 3.33482
      vertex -0.476314 0.549999 3.275
      vertex -0.436344 0.549999 3.33482
    endloop
  endfacet
  facet normal 0.831472 0 -0.555566
    outer loop
      vertex -0.476314 0.549999 3.275
      vertex -0.436344 -0.549999 3.33482
      vertex -0.476314 -0.549999 3.275
    endloop
  endfacet
  facet normal 0.831472 1.71164e-06 0.555566
    outer loop
      vertex -0.476314 0.549999 2.725
      vertex -0.459609 0.2 2.7
      vertex -0.436344 0.549999 2.66518
    endloop
  endfacet
  facet normal 0.831461 -0 0.555583
    outer loop
      vertex -0.476314 -0.549999 2.725
      vertex -0.459609 0.2 2.7
      vertex -0.476314 0.549999 2.725
    endloop
  endfacet
  facet normal 0.831461 0 0.555583
    outer loop
      vertex -0.459609 0.2 2.7
      vertex -0.476314 -0.549999 2.725
      vertex -0.459609 -0.549999 2.7
    endloop
  endfacet
  facet normal 0.83148 0 0.555554
    outer loop
      vertex -0.436344 0.549999 2.66518
      vertex -0.459609 0.2 2.7
      vertex -0.436344 0.2 2.66518
    endloop
  endfacet
  facet normal 0.751837 0 -0.659349
    outer loop
      vertex -0.388908 -0.549999 3.38891
      vertex -0.436344 0.549999 3.33482
      vertex -0.388908 0.549999 3.38891
    endloop
  endfacet
  facet normal 0.751837 0 -0.659349
    outer loop
      vertex -0.436344 0.549999 3.33482
      vertex -0.388908 -0.549999 3.38891
      vertex -0.436344 -0.549999 3.33482
    endloop
  endfacet
  facet normal -0.831472 0 -0.555566
    outer loop
      vertex 0.476314 -0.549999 3.275
      vertex 0.436344 0.549999 3.33482
      vertex 0.476314 0.549999 3.275
    endloop
  endfacet
  facet normal -0.831472 -0 -0.555566
    outer loop
      vertex 0.436344 0.549999 3.33482
      vertex 0.476314 -0.549999 3.275
      vertex 0.436344 -0.549999 3.33482
    endloop
  endfacet
  facet normal -0.980786 0 0.195087
    outer loop
      vertex 0.531259 -0.549999 2.85765
      vertex 0.545294 0.549999 2.92821
      vertex 0.531259 0.549999 2.85765
    endloop
  endfacet
  facet normal -0.980786 0 0.195087
    outer loop
      vertex 0.545294 0.549999 2.92821
      vertex 0.531259 -0.549999 2.85765
      vertex 0.545294 -0.549999 2.92821
    endloop
  endfacet
  facet normal -0.442286 0 -0.896874
    outer loop
      vertex 0.210475 -0.549999 3.50813
      vertex 0.275 0.549999 3.47631
      vertex 0.275 -0.549999 3.47631
    endloop
  endfacet
  facet normal -0.442286 0 -0.896874
    outer loop
      vertex 0.275 0.549999 3.47631
      vertex 0.210475 -0.549999 3.50813
      vertex 0.210475 0.549999 3.50813
    endloop
  endfacet
  facet normal -0.83148 0 0.555554
    outer loop
      vertex 0.459609 0.2 2.7
      vertex 0.436344 0.549999 2.66518
      vertex 0.436344 0.2 2.66518
    endloop
  endfacet
  facet normal -0.831472 1.71164e-06 0.555566
    outer loop
      vertex 0.436344 0.549999 2.66518
      vertex 0.459609 0.2 2.7
      vertex 0.476314 0.549999 2.725
    endloop
  endfacet
  facet normal -0.831461 0 0.555583
    outer loop
      vertex 0.476314 -0.549999 2.725
      vertex 0.459609 0.2 2.7
      vertex 0.459609 -0.549999 2.7
    endloop
  endfacet
  facet normal -0.831461 0 0.555583
    outer loop
      vertex 0.459609 0.2 2.7
      vertex 0.476314 -0.549999 2.725
      vertex 0.476314 0.549999 2.725
    endloop
  endfacet
  facet normal 0.94692 0 -0.321469
    outer loop
      vertex -0.508133 -0.549999 3.21047
      vertex -0.531259 0.549999 3.14235
      vertex -0.508133 0.549999 3.21047
    endloop
  endfacet
  facet normal 0.94692 0 -0.321469
    outer loop
      vertex -0.531259 0.549999 3.14235
      vertex -0.508133 -0.549999 3.21047
      vertex -0.531259 -0.549999 3.14235
    endloop
  endfacet
  facet normal -0.65938 0 0.75181
    outer loop
      vertex 0.334818 0.549999 2.56365
      vertex 0.388908 0.2 2.61109
      vertex 0.388908 0.549999 2.61109
    endloop
  endfacet
  facet normal -0.65938 0 0.75181
    outer loop
      vertex 0.388908 0.2 2.61109
      vertex 0.334818 0.549999 2.56365
      vertex 0.334818 0.2 2.56365
    endloop
  endfacet
  facet normal -0.751837 0 0.659349
    outer loop
      vertex 0.388908 0.2 2.61109
      vertex 0.436344 0.549999 2.66518
      vertex 0.388908 0.549999 2.61109
    endloop
  endfacet
  facet normal -0.751837 0 0.659349
    outer loop
      vertex 0.436344 0.549999 2.66518
      vertex 0.388908 0.2 2.61109
      vertex 0.436344 0.2 2.66518
    endloop
  endfacet
  facet normal -0.442286 0 0.896874
    outer loop
      vertex 0.210475 0.549999 2.49187
      vertex 0.275 0.2 2.52369
      vertex 0.275 0.549999 2.52369
    endloop
  endfacet
  facet normal -0.442286 0 0.896874
    outer loop
      vertex 0.275 0.2 2.52369
      vertex 0.210475 0.549999 2.49187
      vertex 0.210475 0.2 2.49187
    endloop
  endfacet
  facet normal -0.0654684 0 -0.997855
    outer loop
      vertex 0 -0.549999 3.55
      vertex 0.0717888 0.549999 3.54529
      vertex 0.0717888 -0.549999 3.54529
    endloop
  endfacet
  facet normal -0.0654684 0 -0.997855
    outer loop
      vertex 0.0717888 0.549999 3.54529
      vertex 0 -0.549999 3.55
      vertex 0 0.549999 3.55
    endloop
  endfacet
  facet normal -0.997859 0 0.0653981
    outer loop
      vertex 0.545294 -0.549999 2.92821
      vertex 0.549999 0.549999 3
      vertex 0.545294 0.549999 2.92821
    endloop
  endfacet
  facet normal -0.997859 0 0.0653981
    outer loop
      vertex 0.549999 0.549999 3
      vertex 0.545294 -0.549999 2.92821
      vertex 0.549999 -0.549999 3
    endloop
  endfacet
  facet normal -0.3215 0 0.94691
    outer loop
      vertex 0.160788 0.549999 2.475
      vertex 0.210475 0.2 2.49187
      vertex 0.210475 0.549999 2.49187
    endloop
  endfacet
  facet normal -0.3215 0 0.94691
    outer loop
      vertex 0.210475 0.2 2.49187
      vertex 0.160788 0.549999 2.475
      vertex 0.160788 0.2 2.475
    endloop
  endfacet
  facet normal 0.555483 0 0.831528
    outer loop
      vertex -0.334818 0.549999 2.56365
      vertex -0.275 0.2 2.52369
      vertex -0.275 0.549999 2.52369
    endloop
  endfacet
  facet normal 0.555483 0 0.831528
    outer loop
      vertex -0.275 0.2 2.52369
      vertex -0.334818 0.549999 2.56365
      vertex -0.334818 0.2 2.56365
    endloop
  endfacet
  facet normal -0.195017 0 -0.9808
    outer loop
      vertex 0.0717888 -0.549999 3.54529
      vertex 0.14235 0.549999 3.53126
      vertex 0.14235 -0.549999 3.53126
    endloop
  endfacet
  facet normal -0.195017 0 -0.9808
    outer loop
      vertex 0.14235 0.549999 3.53126
      vertex 0.0717888 -0.549999 3.54529
      vertex 0.0717888 0.549999 3.54529
    endloop
  endfacet
  facet normal 0.0654684 0 -0.997855
    outer loop
      vertex -0.0717888 -0.549999 3.54529
      vertex 0 0.549999 3.55
      vertex 0 -0.549999 3.55
    endloop
  endfacet
  facet normal 0.0654684 0 -0.997855
    outer loop
      vertex 0 0.549999 3.55
      vertex -0.0717888 -0.549999 3.54529
      vertex -0.0717888 0.549999 3.54529
    endloop
  endfacet
  facet normal -0.321498 0 -0.94691
    outer loop
      vertex 0.14235 -0.549999 3.53126
      vertex 0.210475 0.549999 3.50813
      vertex 0.210475 -0.549999 3.50813
    endloop
  endfacet
  facet normal -0.321498 0 -0.94691
    outer loop
      vertex 0.210475 0.549999 3.50813
      vertex 0.14235 -0.549999 3.53126
      vertex 0.14235 0.549999 3.53126
    endloop
  endfacet
  facet normal 0.980786 0 -0.195087
    outer loop
      vertex -0.531259 -0.549999 3.14235
      vertex -0.545294 0.549999 3.07179
      vertex -0.531259 0.549999 3.14235
    endloop
  endfacet
  facet normal 0.980786 0 -0.195087
    outer loop
      vertex -0.545294 0.549999 3.07179
      vertex -0.531259 -0.549999 3.14235
      vertex -0.545294 -0.549999 3.07179
    endloop
  endfacet
  facet normal 0.321498 0 -0.94691
    outer loop
      vertex -0.210475 -0.549999 3.50813
      vertex -0.14235 0.549999 3.53126
      vertex -0.14235 -0.549999 3.53126
    endloop
  endfacet
  facet normal 0.321498 0 -0.94691
    outer loop
      vertex -0.14235 0.549999 3.53126
      vertex -0.210475 -0.549999 3.50813
      vertex -0.210475 0.549999 3.50813
    endloop
  endfacet
  facet normal 0.997859 -0 0.0653981
    outer loop
      vertex -0.549999 -0.549999 3
      vertex -0.545294 0.549999 2.92821
      vertex -0.549999 0.549999 3
    endloop
  endfacet
  facet normal 0.997859 0 0.0653981
    outer loop
      vertex -0.545294 0.549999 2.92821
      vertex -0.549999 -0.549999 3
      vertex -0.545294 -0.549999 2.92821
    endloop
  endfacet
  facet normal 0.997859 0 -0.0653981
    outer loop
      vertex -0.545294 -0.549999 3.07179
      vertex -0.549999 0.549999 3
      vertex -0.545294 0.549999 3.07179
    endloop
  endfacet
  facet normal 0.997859 0 -0.0653981
    outer loop
      vertex -0.549999 0.549999 3
      vertex -0.545294 -0.549999 3.07179
      vertex -0.549999 -0.549999 3
    endloop
  endfacet
  facet normal 0.946934 -0 0.321427
    outer loop
      vertex -0.531259 -0.549999 2.85765
      vertex -0.508133 0.549999 2.78952
      vertex -0.531259 0.549999 2.85765
    endloop
  endfacet
  facet normal 0.946934 0 0.321427
    outer loop
      vertex -0.508133 0.549999 2.78952
      vertex -0.531259 -0.549999 2.85765
      vertex -0.508133 -0.549999 2.78952
    endloop
  endfacet
  facet normal 0.980786 -0 0.195087
    outer loop
      vertex -0.545294 -0.549999 2.92821
      vertex -0.531259 0.549999 2.85765
      vertex -0.545294 0.549999 2.92821
    endloop
  endfacet
  facet normal 0.980786 0 0.195087
    outer loop
      vertex -0.531259 0.549999 2.85765
      vertex -0.545294 -0.549999 2.92821
      vertex -0.531259 -0.549999 2.85765
    endloop
  endfacet
  facet normal 0.896893 0 -0.442248
    outer loop
      vertex -0.476314 -0.549999 3.275
      vertex -0.508133 0.549999 3.21047
      vertex -0.476314 0.549999 3.275
    endloop
  endfacet
  facet normal 0.896893 0 -0.442248
    outer loop
      vertex -0.508133 0.549999 3.21047
      vertex -0.476314 -0.549999 3.275
      vertex -0.508133 -0.549999 3.21047
    endloop
  endfacet
  facet normal 0.65938 0 0.75181
    outer loop
      vertex -0.388908 0.549999 2.61109
      vertex -0.334818 0.2 2.56365
      vertex -0.334818 0.549999 2.56365
    endloop
  endfacet
  facet normal 0.65938 0 0.75181
    outer loop
      vertex -0.334818 0.2 2.56365
      vertex -0.388908 0.549999 2.61109
      vertex -0.388908 0.2 2.61109
    endloop
  endfacet
  facet normal 0 0 -1
    outer loop
      vertex -1.00464 -0.549999 2.7
      vertex -0.459609 0.2 2.7
      vertex -0.459609 -0.549999 2.7
    endloop
  endfacet
  facet normal -0 0 -1
    outer loop
      vertex -0.459609 0.2 2.7
      vertex -1.00464 -0.549999 2.7
      vertex -1.00464 0.2 2.7
    endloop
  endfacet
  facet normal 0 0 -1
    outer loop
      vertex 0.459609 -0.549999 2.7
      vertex 1.00464 0.2 2.7
      vertex 1.00464 -0.549999 2.7
    endloop
  endfacet
  facet normal -0 0 -1
    outer loop
      vertex 1.00464 0.2 2.7
      vertex 0.459609 -0.549999 2.7
      vertex 0.459609 0.2 2.7
    endloop
  endfacet
  facet normal 0 -1 0
    outer loop
      vertex -0.83302 0.2 2.3608
      vertex -0.575 0.2 2.475
      vertex -0.909327 0.2 2.475
    endloop
  endfacet
  facet normal 0 -1 0
    outer loop
      vertex -0.742461 0.2 2.25754
      vertex -0.575 0.2 2.475
      vertex -0.83302 0.2 2.3608
    endloop
  endfacet
  facet normal 0 -1 0
    outer loop
      vertex -0.639199 0.2 2.16698
      vertex -0.575 0.2 2.475
      vertex -0.742461 0.2 2.25754
    endloop
  endfacet
  facet normal 0 -1 -0
    outer loop
      vertex -0.575 0.2 2.475
      vertex -0.639199 0.2 2.16698
      vertex -0.575 0.2 2.12408
    endloop
  endfacet
  facet normal 0 -1 0
    outer loop
      vertex -0.970073 0.2 2.59818
      vertex -0.459609 0.2 2.7
      vertex -1.00464 0.2 2.7
    endloop
  endfacet
  facet normal 0 -1 0
    outer loop
      vertex -0.575 0.2 2.475
      vertex -0.459609 0.2 2.7
      vertex -0.970073 0.2 2.59818
    endloop
  endfacet
  facet normal 0 -1 -0
    outer loop
      vertex -0.459609 0.2 2.7
      vertex -0.575 0.2 2.475
      vertex -0.436344 0.2 2.66518
    endloop
  endfacet
  facet normal 0 -1 -0
    outer loop
      vertex -0.436344 0.2 2.66518
      vertex -0.575 0.2 2.475
      vertex -0.388908 0.2 2.61109
    endloop
  endfacet
  facet normal 0 -1 -0
    outer loop
      vertex -0.388908 0.2 2.61109
      vertex -0.575 0.2 2.475
      vertex -0.334818 0.2 2.56365
    endloop
  endfacet
  facet normal 0 -1 -0
    outer loop
      vertex -0.334818 0.2 2.56365
      vertex -0.575 0.2 2.475
      vertex -0.275 0.2 2.52369
    endloop
  endfacet
  facet normal 0 -1 0
    outer loop
      vertex -0.575 0.2 2.475
      vertex -0.970073 0.2 2.59818
      vertex -0.909327 0.2 2.475
    endloop
  endfacet
  facet normal 0 -1 -0
    outer loop
      vertex -0.275 0.2 2.52369
      vertex -0.575 0.2 2.475
      vertex -0.210475 0.2 2.49187
    endloop
  endfacet
  facet normal 0 -1 -0
    outer loop
      vertex -0.210475 0.2 2.49187
      vertex -0.575 0.2 2.475
      vertex -0.160788 0.2 2.475
    endloop
  endfacet
  facet normal 0 -1 0
    outer loop
      vertex 0.575 0.2 2.475
      vertex 0.459609 0.2 2.7
      vertex 0.436344 0.2 2.66518
    endloop
  endfacet
  facet normal 0 -1 0
    outer loop
      vertex 0.575 0.2 2.475
      vertex 0.436344 0.2 2.66518
      vertex 0.388908 0.2 2.61109
    endloop
  endfacet
  facet normal 0 -1 0
    outer loop
      vertex 0.459609 0.2 2.7
      vertex 0.575 0.2 2.475
      vertex 0.970073 0.2 2.59818
    endloop
  endfacet
  facet normal 0 -1 0
    outer loop
      vertex 0.575 0.2 2.475
      vertex 0.388908 0.2 2.61109
      vertex 0.334818 0.2 2.56365
    endloop
  endfacet
  facet normal 0 -1 0
    outer loop
      vertex 0.575 0.2 2.475
      vertex 0.334818 0.2 2.56365
      vertex 0.275 0.2 2.52369
    endloop
  endfacet
  facet normal 0 -1 0
    outer loop
      vertex 0.575 0.2 2.475
      vertex 0.275 0.2 2.52369
      vertex 0.210475 0.2 2.49187
    endloop
  endfacet
  facet normal 0 -1 0
    outer loop
      vertex 0.575 0.2 2.475
      vertex 0.210475 0.2 2.49187
      vertex 0.160788 0.2 2.475
    endloop
  endfacet
  facet normal 0 -1 0
    outer loop
      vertex 0.459609 0.2 2.7
      vertex 0.970073 0.2 2.59818
      vertex 1.00464 0.2 2.7
    endloop
  endfacet
  facet normal 0 -1 0
    outer loop
      vertex 0.575 0.2 2.475
      vertex 0.909327 0.2 2.475
      vertex 0.970073 0.2 2.59818
    endloop
  endfacet
  facet normal 0 -1 0
    outer loop
      vertex 0.575 0.2 2.475
      vertex 0.83302 0.2 2.3608
      vertex 0.909327 0.2 2.475
    endloop
  endfacet
  facet normal 0 -1 0
    outer loop
      vertex 0.575 0.2 2.475
      vertex 0.742461 0.2 2.25754
      vertex 0.83302 0.2 2.3608
    endloop
  endfacet
  facet normal 0 -1 0
    outer loop
      vertex 0.575 0.2 2.475
      vertex 0.639199 0.2 2.16698
      vertex 0.742461 0.2 2.25754
    endloop
  endfacet
  facet normal -0 -1 0
    outer loop
      vertex 0.639199 0.2 2.16698
      vertex 0.575 0.2 2.475
      vertex 0.575 0.2 2.12408
    endloop
  endfacet
  facet normal 1 0 0
    outer loop
      vertex 0.575 0.2 2.475
      vertex 0.575 -0.549999 2.475
      vertex 0.575 0.2 2.12408
    endloop
  endfacet
  facet normal 1 -0 0
    outer loop
      vertex 0.575 0.2 2.12408
      vertex 0.575 0.549999 1.325
      vertex 0.575 0.549999 2.12408
    endloop
  endfacet
  facet normal 1 0 0
    outer loop
      vertex 0.575 -0.549999 1.325
      vertex 0.575 0.2 2.12408
      vertex 0.575 -0.549999 2.475
    endloop
  endfacet
  facet normal 1 0 0
    outer loop
      vertex 0.575 0.2 2.12408
      vertex 0.575 -0.549999 1.325
      vertex 0.575 0.549999 1.325
    endloop
  endfacet
  facet normal 0 0 1
    outer loop
      vertex 0.160788 0.549999 2.475
      vertex -0.160788 0.549999 2.475
      vertex 0.160788 0.2 2.475
    endloop
  endfacet
  facet normal -0 0 1
    outer loop
      vertex 0.160788 0.2 2.475
      vertex 0.575 -0.549999 2.475
      vertex 0.575 0.2 2.475
    endloop
  endfacet
  facet normal 0 0 1
    outer loop
      vertex -0.160788 0.2 2.475
      vertex 0.160788 0.2 2.475
      vertex -0.160788 0.549999 2.475
    endloop
  endfacet
  facet normal 0 0 1
    outer loop
      vertex 0.160788 0.2 2.475
      vertex -0.160788 0.2 2.475
      vertex 0.575 -0.549999 2.475
    endloop
  endfacet
  facet normal 0 0 1
    outer loop
      vertex -0.575 -0.549999 2.475
      vertex -0.160788 0.2 2.475
      vertex -0.575 0.2 2.475
    endloop
  endfacet
  facet normal 0 0 1
    outer loop
      vertex -0.160788 0.2 2.475
      vertex -0.575 -0.549999 2.475
      vertex 0.575 -0.549999 2.475
    endloop
  endfacet
  facet normal 0 0 -1
    outer loop
      vertex -0.575 -0.549999 1.325
      vertex 0.575 0.549999 1.325
      vertex 0.575 -0.549999 1.325
    endloop
  endfacet
  facet normal -0 0 -1
    outer loop
      vertex 0.575 0.549999 1.325
      vertex -0.575 -0.549999 1.325
      vertex -0.575 0.549999 1.325
    endloop
  endfacet
  facet normal -1 0 0
    outer loop
      vertex -0.575 0.549999 1.325
      vertex -0.575 0.2 2.12408
      vertex -0.575 0.549999 2.12408
    endloop
  endfacet
  facet normal -1 0 0
    outer loop
      vertex -0.575 -0.549999 1.325
      vertex -0.575 0.2 2.12408
      vertex -0.575 0.549999 1.325
    endloop
  endfacet
  facet normal -1 0 0
    outer loop
      vertex -0.575 -0.549999 2.475
      vertex -0.575 0.2 2.12408
      vertex -0.575 -0.549999 1.325
    endloop
  endfacet
  facet normal -1 0 0
    outer loop
      vertex -0.575 0.2 2.12408
      vertex -0.575 -0.549999 2.475
      vertex -0.575 0.2 2.475
    endloop
  endfacet
  facet normal 0 -1 0
    outer loop
      vertex -0.575 -0.549999 1.325
      vertex 0.575 -0.549999 2.475
      vertex -0.575 -0.549999 2.475
    endloop
  endfacet
  facet normal 0 -1 -0
    outer loop
      vertex 0.575 -0.549999 2.475
      vertex -0.575 -0.549999 1.325
      vertex 0.575 -0.549999 1.325
    endloop
  endfacet
  facet normal 0 0 1
    outer loop
      vertex -3.355 -2.5 1.325
      vertex -2.925 -1.44 1.325
      vertex -3.355 2.5 1.325
    endloop
  endfacet
  facet normal 0 0 1
    outer loop
      vertex -2.925 -1.44 1.325
      vertex -3.355 -2.5 1.325
      vertex -3.2 -2.5 1.325
    endloop
  endfacet
  facet normal -0 0 1
    outer loop
      vertex 2.735 1.44 1.325
      vertex 2.925 -1.44 1.325
      vertex 2.925 1.44 1.325
    endloop
  endfacet
  facet normal 0 0 1
    outer loop
      vertex 2.925 -1.44 1.325
      vertex 2.735 1.44 1.325
      vertex 2.735 -1.44 1.325
    endloop
  endfacet
  facet normal 0 0 1
    outer loop
      vertex 3.355 -2.5 1.325
      vertex 3.06 -2.35 1.325
      vertex 3.2 -2.5 1.325
    endloop
  endfacet
  facet normal 0 0 1
    outer loop
      vertex 3.355 -2.5 1.325
      vertex 3.05692 -2.30301 1.325
      vertex 3.06 -2.35 1.325
    endloop
  endfacet
  facet normal 0 0 1
    outer loop
      vertex 2.925 1.44 1.325
      vertex 3.05692 2.30301 1.325
      vertex 3.04773 2.25682 1.325
    endloop
  endfacet
  facet normal -0 0 1
    outer loop
      vertex 2.925 -1.44 1.325
      vertex 3.355 -2.5 1.325
      vertex 2.925 1.44 1.325
    endloop
  endfacet
  facet normal 0 0 1
    outer loop
      vertex 2.925 1.44 1.325
      vertex 3.04773 2.25682 1.325
      vertex 3.0326 2.21223 1.325
    endloop
  endfacet
  facet normal -0 0 1
    outer loop
      vertex 2.925 -1.86 1.325
      vertex 3.355 -2.5 1.325
      vertex 2.925 -1.44 1.325
    endloop
  endfacet
  facet normal 0 0 1
    outer loop
      vertex 2.925 1.86 1.325
      vertex 3.0326 2.21223 1.325
      vertex 3.01177 2.17 1.325
    endloop
  endfacet
  facet normal 0 0 1
    outer loop
      vertex 3.355 -2.5 1.325
      vertex 3.04773 -2.25682 1.325
      vertex 3.05692 -2.30301 1.325
    endloop
  endfacet
  facet normal 0 0 1
    outer loop
      vertex 2.925 1.86 1.325
      vertex 3.01177 2.17 1.325
      vertex 2.98561 2.13085 1.325
    endloop
  endfacet
  facet normal 0 0 1
    outer loop
      vertex 3.355 -2.5 1.325
      vertex 3.0326 -2.21223 1.325
      vertex 3.04773 -2.25682 1.325
    endloop
  endfacet
  facet normal 0 0 1
    outer loop
      vertex 2.925 1.86 1.325
      vertex 2.98561 2.13085 1.325
      vertex 2.95456 2.09544 1.325
    endloop
  endfacet
  facet normal -0 -0 1
    outer loop
      vertex 3.01177 -2.17 1.325
      vertex 3.355 -2.5 1.325
      vertex 2.925 -1.86 1.325
    endloop
  endfacet
  facet normal 0 0 1
    outer loop
      vertex 3.0326 2.21223 1.325
      vertex 2.925 1.86 1.325
      vertex 2.925 1.44 1.325
    endloop
  endfacet
  facet normal -0 0 1
    outer loop
      vertex 2.91915 2.06439 1.325
      vertex 2.925 1.86 1.325
      vertex 2.95456 2.09544 1.325
    endloop
  endfacet
  facet normal -0 0 1
    outer loop
      vertex 2.88 2.03823 1.325
      vertex 2.925 1.86 1.325
      vertex 2.91915 2.06439 1.325
    endloop
  endfacet
  facet normal -0 0 1
    outer loop
      vertex 2.83777 2.0174 1.325
      vertex 2.925 1.86 1.325
      vertex 2.88 2.03823 1.325
    endloop
  endfacet
  facet normal -0 0 1
    outer loop
      vertex 2.79317 2.00227 1.325
      vertex 2.925 1.86 1.325
      vertex 2.83777 2.0174 1.325
    endloop
  endfacet
  facet normal 0 0 1
    outer loop
      vertex 2.735 1.86 1.325
      vertex 2.79317 2.00227 1.325
      vertex 2.74699 1.99308 1.325
    endloop
  endfacet
  facet normal 0 0 1
    outer loop
      vertex 2.735 1.86 1.325
      vertex 2.74699 1.99308 1.325
      vertex 2.735 1.99229 1.325
    endloop
  endfacet
  facet normal 0 0 1
    outer loop
      vertex 2.79317 2.00227 1.325
      vertex 2.735 1.86 1.325
      vertex 2.925 1.86 1.325
    endloop
  endfacet
  facet normal -0 0 1
    outer loop
      vertex 2.98561 2.56915 1.325
      vertex 3.2 2.5 1.325
      vertex 3.2 3.005 1.325
    endloop
  endfacet
  facet normal 0 0 1
    outer loop
      vertex 3.05692 2.30301 1.325
      vertex 3.2 2.5 1.325
      vertex 3.06 2.35 1.325
    endloop
  endfacet
  facet normal 0 0 1
    outer loop
      vertex 3.355 2.5 1.325
      vertex 2.925 1.44 1.325
      vertex 3.355 -2.5 1.325
    endloop
  endfacet
  facet normal 0 0 1
    outer loop
      vertex 3.2 2.5 1.325
      vertex 3.05692 2.39699 1.325
      vertex 3.06 2.35 1.325
    endloop
  endfacet
  facet normal 0 0 1
    outer loop
      vertex 3.2 2.5 1.325
      vertex 3.04773 2.44317 1.325
      vertex 3.05692 2.39699 1.325
    endloop
  endfacet
  facet normal 0 0 1
    outer loop
      vertex 3.2 2.5 1.325
      vertex 3.0326 2.48777 1.325
      vertex 3.04773 2.44317 1.325
    endloop
  endfacet
  facet normal 0 0 1
    outer loop
      vertex 3.2 2.5 1.325
      vertex 3.01177 2.53 1.325
      vertex 3.0326 2.48777 1.325
    endloop
  endfacet
  facet normal 0 0 1
    outer loop
      vertex 3.2 2.5 1.325
      vertex 2.98561 2.56915 1.325
      vertex 3.01177 2.53 1.325
    endloop
  endfacet
  facet normal 0 0 1
    outer loop
      vertex 3.2 3.005 1.325
      vertex 2.95456 2.60456 1.325
      vertex 2.98561 2.56915 1.325
    endloop
  endfacet
  facet normal 0 0 1
    outer loop
      vertex 3.2 3.005 1.325
      vertex 2.91915 2.63561 1.325
      vertex 2.95456 2.60456 1.325
    endloop
  endfacet
  facet normal 0 0 1
    outer loop
      vertex 3.2 3.005 1.325
      vertex 2.88 2.66177 1.325
      vertex 2.91915 2.63561 1.325
    endloop
  endfacet
  facet normal 0 0 1
    outer loop
      vertex 3.2 3.005 1.325
      vertex 2.83777 2.6826 1.325
      vertex 2.88 2.66177 1.325
    endloop
  endfacet
  facet normal 0 0 1
    outer loop
      vertex 3.2 3.005 1.325
      vertex 2.79317 2.69773 1.325
      vertex 2.83777 2.6826 1.325
    endloop
  endfacet
  facet normal 0 0 1
    outer loop
      vertex 3.2 3.005 1.325
      vertex 2.74699 2.70692 1.325
      vertex 2.79317 2.69773 1.325
    endloop
  endfacet
  facet normal 0 0 1
    outer loop
      vertex 3.2 3.005 1.325
      vertex 2.7 2.71 1.325
      vertex 2.74699 2.70692 1.325
    endloop
  endfacet
  facet normal 0 0 1
    outer loop
      vertex 3.2 3.005 1.325
      vertex 2.65301 2.70692 1.325
      vertex 2.7 2.71 1.325
    endloop
  endfacet
  facet normal 0 0 1
    outer loop
      vertex 3.2 3.005 1.325
      vertex 2.60682 2.69773 1.325
      vertex 2.65301 2.70692 1.325
    endloop
  endfacet
  facet normal 0 0 1
    outer loop
      vertex 3.2 3.005 1.325
      vertex 2.56223 2.6826 1.325
      vertex 2.60682 2.69773 1.325
    endloop
  endfacet
  facet normal 0 0 1
    outer loop
      vertex -2.56223 2.6826 1.325
      vertex 2.56223 2.6826 1.325
      vertex 3.2 3.005 1.325
    endloop
  endfacet
  facet normal 0 0 1
    outer loop
      vertex 2.34308 2.39699 1.325
      vertex -2.34229 2.385 1.325
      vertex 2.34229 2.385 1.325
    endloop
  endfacet
  facet normal 0 0 1
    outer loop
      vertex -2.34308 2.39699 1.325
      vertex 2.34308 2.39699 1.325
      vertex 2.35227 2.44317 1.325
    endloop
  endfacet
  facet normal 0 0 1
    outer loop
      vertex -2.35227 2.44317 1.325
      vertex 2.35227 2.44317 1.325
      vertex 2.3674 2.48777 1.325
    endloop
  endfacet
  facet normal 0 0 1
    outer loop
      vertex -2.3674 2.48777 1.325
      vertex 2.3674 2.48777 1.325
      vertex 2.38823 2.53 1.325
    endloop
  endfacet
  facet normal 0 0 1
    outer loop
      vertex -2.38823 2.53 1.325
      vertex 2.38823 2.53 1.325
      vertex 2.41439 2.56915 1.325
    endloop
  endfacet
  facet normal 0 0 1
    outer loop
      vertex -2.41439 2.56915 1.325
      vertex 2.41439 2.56915 1.325
      vertex 2.44544 2.60456 1.325
    endloop
  endfacet
  facet normal 0 0 1
    outer loop
      vertex -2.44544 2.60456 1.325
      vertex 2.44544 2.60456 1.325
      vertex 2.48085 2.63561 1.325
    endloop
  endfacet
  facet normal 0 0 1
    outer loop
      vertex -2.48085 2.63561 1.325
      vertex 2.48085 2.63561 1.325
      vertex 2.52 2.66177 1.325
    endloop
  endfacet
  facet normal 0 0 1
    outer loop
      vertex 2.56223 2.6826 1.325
      vertex -2.56223 2.6826 1.325
      vertex 2.52 2.66177 1.325
    endloop
  endfacet
  facet normal 0 0 1
    outer loop
      vertex 2.34308 2.39699 1.325
      vertex -2.34308 2.39699 1.325
      vertex -2.34229 2.385 1.325
    endloop
  endfacet
  facet normal 0 0 1
    outer loop
      vertex 2.35227 2.44317 1.325
      vertex -2.35227 2.44317 1.325
      vertex -2.34308 2.39699 1.325
    endloop
  endfacet
  facet normal 0 0 1
    outer loop
      vertex 2.3674 2.48777 1.325
      vertex -2.3674 2.48777 1.325
      vertex -2.35227 2.44317 1.325
    endloop
  endfacet
  facet normal 0 0 1
    outer loop
      vertex 2.38823 2.53 1.325
      vertex -2.38823 2.53 1.325
      vertex -2.3674 2.48777 1.325
    endloop
  endfacet
  facet normal 0 0 1
    outer loop
      vertex 2.41439 2.56915 1.325
      vertex -2.41439 2.56915 1.325
      vertex -2.38823 2.53 1.325
    endloop
  endfacet
  facet normal 0 0 1
    outer loop
      vertex 2.44544 2.60456 1.325
      vertex -2.44544 2.60456 1.325
      vertex -2.41439 2.56915 1.325
    endloop
  endfacet
  facet normal 0 0 1
    outer loop
      vertex 2.48085 2.63561 1.325
      vertex -2.48085 2.63561 1.325
      vertex -2.44544 2.60456 1.325
    endloop
  endfacet
  facet normal 0 0 1
    outer loop
      vertex 2.52 2.66177 1.325
      vertex -2.52 2.66177 1.325
      vertex -2.48085 2.63561 1.325
    endloop
  endfacet
  facet normal 0 0 1
    outer loop
      vertex 2.52 2.66177 1.325
      vertex -2.56223 2.6826 1.325
      vertex -2.52 2.66177 1.325
    endloop
  endfacet
  facet normal -0 0 1
    outer loop
      vertex -3.2 3.005 1.325
      vertex -2.56223 2.6826 1.325
      vertex 3.2 3.005 1.325
    endloop
  endfacet
  facet normal 0 0 1
    outer loop
      vertex -2.56223 2.6826 1.325
      vertex -3.2 3.005 1.325
      vertex -2.60682 2.69773 1.325
    endloop
  endfacet
  facet normal 0 0 1
    outer loop
      vertex -2.60682 2.69773 1.325
      vertex -3.2 3.005 1.325
      vertex -2.65301 2.70692 1.325
    endloop
  endfacet
  facet normal 0 0 1
    outer loop
      vertex -2.925 1.44 1.325
      vertex -3.355 2.5 1.325
      vertex -2.925 -1.44 1.325
    endloop
  endfacet
  facet normal 0 0 1
    outer loop
      vertex -3.04773 2.44317 1.325
      vertex -3.2 2.5 1.325
      vertex -3.05692 2.39699 1.325
    endloop
  endfacet
  facet normal 0 0 1
    outer loop
      vertex -3.0326 2.48777 1.325
      vertex -3.2 2.5 1.325
      vertex -3.04773 2.44317 1.325
    endloop
  endfacet
  facet normal 0 0 1
    outer loop
      vertex -3.01177 2.53 1.325
      vertex -3.2 2.5 1.325
      vertex -3.0326 2.48777 1.325
    endloop
  endfacet
  facet normal 0 0 1
    outer loop
      vertex -2.98561 2.56915 1.325
      vertex -3.2 2.5 1.325
      vertex -3.01177 2.53 1.325
    endloop
  endfacet
  facet normal 0 0 1
    outer loop
      vertex -3.2 2.5 1.325
      vertex -2.98561 2.56915 1.325
      vertex -3.2 3.005 1.325
    endloop
  endfacet
  facet normal 0 0 1
    outer loop
      vertex -2.95456 2.60456 1.325
      vertex -3.2 3.005 1.325
      vertex -2.98561 2.56915 1.325
    endloop
  endfacet
  facet normal 0 0 1
    outer loop
      vertex -2.91915 2.63561 1.325
      vertex -3.2 3.005 1.325
      vertex -2.95456 2.60456 1.325
    endloop
  endfacet
  facet normal 0 0 1
    outer loop
      vertex -2.88 2.66177 1.325
      vertex -3.2 3.005 1.325
      vertex -2.91915 2.63561 1.325
    endloop
  endfacet
  facet normal 0 0 1
    outer loop
      vertex -2.83777 2.6826 1.325
      vertex -3.2 3.005 1.325
      vertex -2.88 2.66177 1.325
    endloop
  endfacet
  facet normal 0 0 1
    outer loop
      vertex -2.79317 2.69773 1.325
      vertex -3.2 3.005 1.325
      vertex -2.83777 2.6826 1.325
    endloop
  endfacet
  facet normal 0 0 1
    outer loop
      vertex -2.74699 2.70692 1.325
      vertex -3.2 3.005 1.325
      vertex -2.79317 2.69773 1.325
    endloop
  endfacet
  facet normal 0 0 1
    outer loop
      vertex -2.7 2.71 1.325
      vertex -3.2 3.005 1.325
      vertex -2.74699 2.70692 1.325
    endloop
  endfacet
  facet normal 0 0 1
    outer loop
      vertex -2.65301 2.70692 1.325
      vertex -3.2 3.005 1.325
      vertex -2.7 2.71 1.325
    endloop
  endfacet
  facet normal 0 0 1
    outer loop
      vertex 3.05692 2.30301 1.325
      vertex 3.355 2.5 1.325
      vertex 3.2 2.5 1.325
    endloop
  endfacet
  facet normal 0 0 1
    outer loop
      vertex 2.925 1.44 1.325
      vertex 3.355 2.5 1.325
      vertex 3.05692 2.30301 1.325
    endloop
  endfacet
  facet normal -0 0 1
    outer loop
      vertex 3.05692 -2.39699 1.325
      vertex 3.2 -2.5 1.325
      vertex 3.06 -2.35 1.325
    endloop
  endfacet
  facet normal -0 0 1
    outer loop
      vertex 3.04773 -2.44317 1.325
      vertex 3.2 -2.5 1.325
      vertex 3.05692 -2.39699 1.325
    endloop
  endfacet
  facet normal -0 0 1
    outer loop
      vertex 3.0326 -2.48777 1.325
      vertex 3.2 -2.5 1.325
      vertex 3.04773 -2.44317 1.325
    endloop
  endfacet
  facet normal 0 0 1
    outer loop
      vertex 3.01177 -2.53 1.325
      vertex 3.2 -2.5 1.325
      vertex 3.0326 -2.48777 1.325
    endloop
  endfacet
  facet normal 0 0 1
    outer loop
      vertex 2.98561 -2.56915 1.325
      vertex 3.2 -2.5 1.325
      vertex 3.01177 -2.53 1.325
    endloop
  endfacet
  facet normal 0 0 1
    outer loop
      vertex 3.2 -2.5 1.325
      vertex 2.98561 -2.56915 1.325
      vertex 3.2 -3.005 1.325
    endloop
  endfacet
  facet normal -0 0 1
    outer loop
      vertex 2.95456 -2.60456 1.325
      vertex 3.2 -3.005 1.325
      vertex 2.98561 -2.56915 1.325
    endloop
  endfacet
  facet normal -0 0 1
    outer loop
      vertex 2.91915 -2.63561 1.325
      vertex 3.2 -3.005 1.325
      vertex 2.95456 -2.60456 1.325
    endloop
  endfacet
  facet normal -0 0 1
    outer loop
      vertex 2.88 -2.66177 1.325
      vertex 3.2 -3.005 1.325
      vertex 2.91915 -2.63561 1.325
    endloop
  endfacet
  facet normal -0 0 1
    outer loop
      vertex 2.83777 -2.6826 1.325
      vertex 3.2 -3.005 1.325
      vertex 2.88 -2.66177 1.325
    endloop
  endfacet
  facet normal -0 0 1
    outer loop
      vertex 2.79317 -2.69773 1.325
      vertex 3.2 -3.005 1.325
      vertex 2.83777 -2.6826 1.325
    endloop
  endfacet
  facet normal -0 0 1
    outer loop
      vertex 2.74699 -2.70692 1.325
      vertex 3.2 -3.005 1.325
      vertex 2.79317 -2.69773 1.325
    endloop
  endfacet
  facet normal -0 0 1
    outer loop
      vertex 2.7 -2.71 1.325
      vertex 3.2 -3.005 1.325
      vertex 2.74699 -2.70692 1.325
    endloop
  endfacet
  facet normal 0 0 1
    outer loop
      vertex 2.65301 -2.70692 1.325
      vertex 3.2 -3.005 1.325
      vertex 2.7 -2.71 1.325
    endloop
  endfacet
  facet normal 0 0 1
    outer loop
      vertex 2.60682 -2.69773 1.325
      vertex 3.2 -3.005 1.325
      vertex 2.65301 -2.70692 1.325
    endloop
  endfacet
  facet normal 0 0 1
    outer loop
      vertex 2.56223 -2.6826 1.325
      vertex 3.2 -3.005 1.325
      vertex 2.60682 -2.69773 1.325
    endloop
  endfacet
  facet normal 0 0 1
    outer loop
      vertex -2.56223 -2.6826 1.325
      vertex 2.56223 -2.6826 1.325
      vertex 2.52 -2.66177 1.325
    endloop
  endfacet
  facet normal -0 0 1
    outer loop
      vertex -2.34229 -2.385 1.325
      vertex 2.34308 -2.39699 1.325
      vertex 2.34229 -2.385 1.325
    endloop
  endfacet
  facet normal 0 0 1
    outer loop
      vertex -2.34308 -2.39699 1.325
      vertex 2.34308 -2.39699 1.325
      vertex -2.34229 -2.385 1.325
    endloop
  endfacet
  facet normal 0 0 1
    outer loop
      vertex 2.34308 -2.39699 1.325
      vertex -2.34308 -2.39699 1.325
      vertex 2.35227 -2.44317 1.325
    endloop
  endfacet
  facet normal 0 0 1
    outer loop
      vertex -2.35227 -2.44317 1.325
      vertex 2.35227 -2.44317 1.325
      vertex -2.34308 -2.39699 1.325
    endloop
  endfacet
  facet normal 0 0 1
    outer loop
      vertex 2.35227 -2.44317 1.325
      vertex -2.35227 -2.44317 1.325
      vertex 2.3674 -2.48777 1.325
    endloop
  endfacet
  facet normal 0 0 1
    outer loop
      vertex -2.3674 -2.48777 1.325
      vertex 2.3674 -2.48777 1.325
      vertex -2.35227 -2.44317 1.325
    endloop
  endfacet
  facet normal 0 0 1
    outer loop
      vertex 2.3674 -2.48777 1.325
      vertex -2.3674 -2.48777 1.325
      vertex 2.38823 -2.53 1.325
    endloop
  endfacet
  facet normal 0 0 1
    outer loop
      vertex -2.38823 -2.53 1.325
      vertex 2.38823 -2.53 1.325
      vertex -2.3674 -2.48777 1.325
    endloop
  endfacet
  facet normal 0 0 1
    outer loop
      vertex 2.38823 -2.53 1.325
      vertex -2.38823 -2.53 1.325
      vertex 2.41439 -2.56915 1.325
    endloop
  endfacet
  facet normal 0 0 1
    outer loop
      vertex -2.41439 -2.56915 1.325
      vertex 2.41439 -2.56915 1.325
      vertex -2.38823 -2.53 1.325
    endloop
  endfacet
  facet normal 0 0 1
    outer loop
      vertex 2.41439 -2.56915 1.325
      vertex -2.41439 -2.56915 1.325
      vertex 2.44544 -2.60456 1.325
    endloop
  endfacet
  facet normal 0 0 1
    outer loop
      vertex -2.44544 -2.60456 1.325
      vertex 2.44544 -2.60456 1.325
      vertex -2.41439 -2.56915 1.325
    endloop
  endfacet
  facet normal 0 0 1
    outer loop
      vertex 2.44544 -2.60456 1.325
      vertex -2.44544 -2.60456 1.325
      vertex 2.48085 -2.63561 1.325
    endloop
  endfacet
  facet normal 0 0 1
    outer loop
      vertex -2.48085 -2.63561 1.325
      vertex 2.48085 -2.63561 1.325
      vertex -2.44544 -2.60456 1.325
    endloop
  endfacet
  facet normal 0 0 1
    outer loop
      vertex 2.48085 -2.63561 1.325
      vertex -2.48085 -2.63561 1.325
      vertex 2.52 -2.66177 1.325
    endloop
  endfacet
  facet normal 0 0 1
    outer loop
      vertex -2.52 -2.66177 1.325
      vertex 2.52 -2.66177 1.325
      vertex -2.48085 -2.63561 1.325
    endloop
  endfacet
  facet normal 0 0 1
    outer loop
      vertex -2.56223 -2.6826 1.325
      vertex 2.52 -2.66177 1.325
      vertex -2.52 -2.66177 1.325
    endloop
  endfacet
  facet normal 0 0 1
    outer loop
      vertex 2.56223 -2.6826 1.325
      vertex -2.56223 -2.6826 1.325
      vertex 3.2 -3.005 1.325
    endloop
  endfacet
  facet normal 0 0 1
    outer loop
      vertex -3.2 -3.005 1.325
      vertex -2.56223 -2.6826 1.325
      vertex -2.60682 -2.69773 1.325
    endloop
  endfacet
  facet normal 0 0 1
    outer loop
      vertex -3.2 -3.005 1.325
      vertex -2.60682 -2.69773 1.325
      vertex -2.65301 -2.70692 1.325
    endloop
  endfacet
  facet normal 0 0 1
    outer loop
      vertex -3.2 -3.005 1.325
      vertex -2.65301 -2.70692 1.325
      vertex -2.7 -2.71 1.325
    endloop
  endfacet
  facet normal 0 0 1
    outer loop
      vertex -2.925 -1.44 1.325
      vertex -3.2 -2.5 1.325
      vertex -3.05692 -2.30301 1.325
    endloop
  endfacet
  facet normal 0 0 1
    outer loop
      vertex -3.05692 -2.30301 1.325
      vertex -3.2 -2.5 1.325
      vertex -3.06 -2.35 1.325
    endloop
  endfacet
  facet normal 0 0 1
    outer loop
      vertex -3.2 -2.5 1.325
      vertex -3.05692 -2.39699 1.325
      vertex -3.06 -2.35 1.325
    endloop
  endfacet
  facet normal 0 0 1
    outer loop
      vertex -3.2 -2.5 1.325
      vertex -3.04773 -2.44317 1.325
      vertex -3.05692 -2.39699 1.325
    endloop
  endfacet
  facet normal 0 0 1
    outer loop
      vertex -3.2 -2.5 1.325
      vertex -3.0326 -2.48777 1.325
      vertex -3.04773 -2.44317 1.325
    endloop
  endfacet
  facet normal -0 0 1
    outer loop
      vertex -3.2 -2.5 1.325
      vertex -3.01177 -2.53 1.325
      vertex -3.0326 -2.48777 1.325
    endloop
  endfacet
  facet normal 0 0 1
    outer loop
      vertex -3.2 -2.5 1.325
      vertex -2.98561 -2.56915 1.325
      vertex -3.01177 -2.53 1.325
    endloop
  endfacet
  facet normal 0 0 1
    outer loop
      vertex -3.2 -3.005 1.325
      vertex -2.98561 -2.56915 1.325
      vertex -3.2 -2.5 1.325
    endloop
  endfacet
  facet normal 0 0 1
    outer loop
      vertex -2.98561 -2.56915 1.325
      vertex -3.2 -3.005 1.325
      vertex -2.95456 -2.60456 1.325
    endloop
  endfacet
  facet normal 0 0 1
    outer loop
      vertex -2.95456 -2.60456 1.325
      vertex -3.2 -3.005 1.325
      vertex -2.91915 -2.63561 1.325
    endloop
  endfacet
  facet normal 0 0 1
    outer loop
      vertex -2.56223 -2.6826 1.325
      vertex -3.2 -3.005 1.325
      vertex 3.2 -3.005 1.325
    endloop
  endfacet
  facet normal 0 0 1
    outer loop
      vertex -2.74699 -2.70692 1.325
      vertex -3.2 -3.005 1.325
      vertex -2.7 -2.71 1.325
    endloop
  endfacet
  facet normal 0 0 1
    outer loop
      vertex -2.79317 -2.69773 1.325
      vertex -3.2 -3.005 1.325
      vertex -2.74699 -2.70692 1.325
    endloop
  endfacet
  facet normal 0 0 1
    outer loop
      vertex -2.83777 -2.6826 1.325
      vertex -3.2 -3.005 1.325
      vertex -2.79317 -2.69773 1.325
    endloop
  endfacet
  facet normal 0 0 1
    outer loop
      vertex -2.88 -2.66177 1.325
      vertex -3.2 -3.005 1.325
      vertex -2.83777 -2.6826 1.325
    endloop
  endfacet
  facet normal 0 0 1
    outer loop
      vertex -2.91915 -2.63561 1.325
      vertex -3.2 -3.005 1.325
      vertex -2.88 -2.66177 1.325
    endloop
  endfacet
  facet normal 0 0 1
    outer loop
      vertex 3.355 -2.5 1.325
      vertex 3.01177 -2.17 1.325
      vertex 3.0326 -2.21223 1.325
    endloop
  endfacet
  facet normal 0 0 1
    outer loop
      vertex 3.01177 -2.17 1.325
      vertex 2.925 -1.86 1.325
      vertex 2.98561 -2.13085 1.325
    endloop
  endfacet
  facet normal 0 0 1
    outer loop
      vertex 2.98561 -2.13085 1.325
      vertex 2.925 -1.86 1.325
      vertex 2.95456 -2.09544 1.325
    endloop
  endfacet
  facet normal 0 0 1
    outer loop
      vertex 2.925 -1.86 1.325
      vertex 2.91915 -2.06439 1.325
      vertex 2.95456 -2.09544 1.325
    endloop
  endfacet
  facet normal 0 0 1
    outer loop
      vertex 2.925 -1.86 1.325
      vertex 2.88 -2.03823 1.325
      vertex 2.91915 -2.06439 1.325
    endloop
  endfacet
  facet normal 0 0 1
    outer loop
      vertex 2.925 -1.86 1.325
      vertex 2.83777 -2.0174 1.325
      vertex 2.88 -2.03823 1.325
    endloop
  endfacet
  facet normal 0 0 1
    outer loop
      vertex 2.925 -1.86 1.325
      vertex 2.79317 -2.00227 1.325
      vertex 2.83777 -2.0174 1.325
    endloop
  endfacet
  facet normal -0 0 1
    outer loop
      vertex 2.735 -1.86 1.325
      vertex 2.79317 -2.00227 1.325
      vertex 2.925 -1.86 1.325
    endloop
  endfacet
  facet normal 0 0 1
    outer loop
      vertex 2.79317 -2.00227 1.325
      vertex 2.735 -1.86 1.325
      vertex 2.74699 -1.99308 1.325
    endloop
  endfacet
  facet normal 0 0 1
    outer loop
      vertex 2.74699 -1.99308 1.325
      vertex 2.735 -1.86 1.325
      vertex 2.735 -1.99229 1.325
    endloop
  endfacet
  facet normal 0 0 1
    outer loop
      vertex -2.74699 1.99308 1.325
      vertex -2.735 1.86 1.325
      vertex -2.735 1.99229 1.325
    endloop
  endfacet
  facet normal 0 0 1
    outer loop
      vertex -2.79317 2.00227 1.325
      vertex -2.735 1.86 1.325
      vertex -2.74699 1.99308 1.325
    endloop
  endfacet
  facet normal 0 0 1
    outer loop
      vertex -2.925 1.86 1.325
      vertex -2.79317 2.00227 1.325
      vertex -2.83777 2.0174 1.325
    endloop
  endfacet
  facet normal 0 0 1
    outer loop
      vertex -2.925 1.86 1.325
      vertex -2.83777 2.0174 1.325
      vertex -2.88 2.03823 1.325
    endloop
  endfacet
  facet normal 0 0 1
    outer loop
      vertex -2.925 1.86 1.325
      vertex -2.88 2.03823 1.325
      vertex -2.91915 2.06439 1.325
    endloop
  endfacet
  facet normal 0 0 1
    outer loop
      vertex -2.79317 2.00227 1.325
      vertex -2.925 1.86 1.325
      vertex -2.735 1.86 1.325
    endloop
  endfacet
  facet normal 0 0 1
    outer loop
      vertex -3.01177 2.17 1.325
      vertex -3.355 2.5 1.325
      vertex -2.925 1.86 1.325
    endloop
  endfacet
  facet normal 0 0 1
    outer loop
      vertex -3.05692 2.30301 1.325
      vertex -3.355 2.5 1.325
      vertex -3.04773 2.25682 1.325
    endloop
  endfacet
  facet normal 0 0 1
    outer loop
      vertex -2.98561 2.13085 1.325
      vertex -2.925 1.86 1.325
      vertex -2.95456 2.09544 1.325
    endloop
  endfacet
  facet normal 0 0 1
    outer loop
      vertex -2.95456 2.09544 1.325
      vertex -2.925 1.86 1.325
      vertex -2.91915 2.06439 1.325
    endloop
  endfacet
  facet normal -0 0 1
    outer loop
      vertex -2.925 1.44 1.325
      vertex -2.735 -1.44 1.325
      vertex -2.735 1.44 1.325
    endloop
  endfacet
  facet normal 0 0 1
    outer loop
      vertex -2.735 -1.44 1.325
      vertex -2.925 1.44 1.325
      vertex -2.925 -1.44 1.325
    endloop
  endfacet
  facet normal 0 0 1
    outer loop
      vertex -2.735 -1.86 1.325
      vertex -2.74699 -1.99308 1.325
      vertex -2.735 -1.99229 1.325
    endloop
  endfacet
  facet normal 0 0 1
    outer loop
      vertex -2.735 -1.86 1.325
      vertex -2.79317 -2.00227 1.325
      vertex -2.74699 -1.99308 1.325
    endloop
  endfacet
  facet normal -0 0 1
    outer loop
      vertex -2.925 -1.86 1.325
      vertex -2.79317 -2.00227 1.325
      vertex -2.735 -1.86 1.325
    endloop
  endfacet
  facet normal 0 0 1
    outer loop
      vertex -2.79317 -2.00227 1.325
      vertex -2.925 -1.86 1.325
      vertex -2.83777 -2.0174 1.325
    endloop
  endfacet
  facet normal 0 0 1
    outer loop
      vertex -2.83777 -2.0174 1.325
      vertex -2.925 -1.86 1.325
      vertex -2.88 -2.03823 1.325
    endloop
  endfacet
  facet normal 0 0 1
    outer loop
      vertex -2.88 -2.03823 1.325
      vertex -2.925 -1.86 1.325
      vertex -2.91915 -2.06439 1.325
    endloop
  endfacet
  facet normal 0 0 1
    outer loop
      vertex -2.925 -1.86 1.325
      vertex -2.95456 -2.09544 1.325
      vertex -2.91915 -2.06439 1.325
    endloop
  endfacet
  facet normal 0 0 1
    outer loop
      vertex -3.01177 2.17 1.325
      vertex -2.925 1.86 1.325
      vertex -2.98561 2.13085 1.325
    endloop
  endfacet
  facet normal 0 0 1
    outer loop
      vertex -3.355 2.5 1.325
      vertex -3.01177 2.17 1.325
      vertex -3.0326 2.21223 1.325
    endloop
  endfacet
  facet normal 0 0 1
    outer loop
      vertex -2.925 -1.86 1.325
      vertex -2.98561 -2.13085 1.325
      vertex -2.95456 -2.09544 1.325
    endloop
  endfacet
  facet normal -0 0 1
    outer loop
      vertex -3.355 2.5 1.325
      vertex -3.05692 2.30301 1.325
      vertex -3.2 2.5 1.325
    endloop
  endfacet
  facet normal 0 0 1
    outer loop
      vertex -2.925 -1.86 1.325
      vertex -3.01177 -2.17 1.325
      vertex -2.98561 -2.13085 1.325
    endloop
  endfacet
  facet normal 0 0 1
    outer loop
      vertex -2.925 -1.44 1.325
      vertex -3.0326 -2.21223 1.325
      vertex -2.925 -1.86 1.325
    endloop
  endfacet
  facet normal 0 0 1
    outer loop
      vertex -2.925 -1.86 1.325
      vertex -3.0326 -2.21223 1.325
      vertex -3.01177 -2.17 1.325
    endloop
  endfacet
  facet normal 0 0 1
    outer loop
      vertex -3.04773 2.25682 1.325
      vertex -3.355 2.5 1.325
      vertex -3.0326 2.21223 1.325
    endloop
  endfacet
  facet normal 0 0 1
    outer loop
      vertex -2.925 -1.44 1.325
      vertex -3.04773 -2.25682 1.325
      vertex -3.0326 -2.21223 1.325
    endloop
  endfacet
  facet normal 0 0 1
    outer loop
      vertex -2.925 1.86 1.325
      vertex -3.355 2.5 1.325
      vertex -2.925 1.44 1.325
    endloop
  endfacet
  facet normal 0 0 1
    outer loop
      vertex -2.925 -1.44 1.325
      vertex -3.05692 -2.30301 1.325
      vertex -3.04773 -2.25682 1.325
    endloop
  endfacet
  facet normal 0 0 1
    outer loop
      vertex -3.05692 2.39699 1.325
      vertex -3.2 2.5 1.325
      vertex -3.06 2.35 1.325
    endloop
  endfacet
  facet normal 0 0 1
    outer loop
      vertex -3.06 2.35 1.325
      vertex -3.2 2.5 1.325
      vertex -3.05692 2.30301 1.325
    endloop
  endfacet
  facet normal 0 1 -0
    outer loop
      vertex 3.2 3.005 0.375
      vertex -3.2 3.005 1.325
      vertex 3.2 3.005 1.325
    endloop
  endfacet
  facet normal 0 1 0
    outer loop
      vertex -3.2 3.005 1.325
      vertex 3.2 3.005 0.375
      vertex -3.2 3.005 0.375
    endloop
  endfacet
  facet normal 0 -1 0
    outer loop
      vertex -2.735 2.385 0.375
      vertex -2.34229 2.385 0.75
      vertex -2.735 2.385 0.75
    endloop
  endfacet
  facet normal 0 -1 -0
    outer loop
      vertex -2.34229 2.385 0.75
      vertex -2.735 2.385 0.375
      vertex 2.34229 2.385 0.75
    endloop
  endfacet
  facet normal 0 -1 0
    outer loop
      vertex 2.735 2.385 0.375
      vertex 2.34229 2.385 0.75
      vertex -2.735 2.385 0.375
    endloop
  endfacet
  facet normal 0 -1 0
    outer loop
      vertex 2.34229 2.385 0.75
      vertex 2.735 2.385 0.375
      vertex 2.735 2.385 0.75
    endloop
  endfacet
  facet normal 0 -1 0
    outer loop
      vertex -2.34229 2.385 0.75
      vertex 2.34229 2.385 1.325
      vertex -2.34229 2.385 1.325
    endloop
  endfacet
  facet normal 0 -1 -0
    outer loop
      vertex 2.34229 2.385 1.325
      vertex -2.34229 2.385 0.75
      vertex 2.34229 2.385 0.75
    endloop
  endfacet
  facet normal 0 1 -0
    outer loop
      vertex 2.735 -2.385 0.375
      vertex 2.34229 -2.385 0.75
      vertex 2.735 -2.385 0.75
    endloop
  endfacet
  facet normal 0 1 0
    outer loop
      vertex 2.34229 -2.385 0.75
      vertex 2.735 -2.385 0.375
      vertex -2.34229 -2.385 0.75
    endloop
  endfacet
  facet normal 0 1 0
    outer loop
      vertex -2.735 -2.385 0.375
      vertex -2.34229 -2.385 0.75
      vertex 2.735 -2.385 0.375
    endloop
  endfacet
  facet normal 0 1 0
    outer loop
      vertex -2.34229 -2.385 0.75
      vertex -2.735 -2.385 0.375
      vertex -2.735 -2.385 0.75
    endloop
  endfacet
  facet normal 0 1 -0
    outer loop
      vertex 2.34229 -2.385 0.75
      vertex -2.34229 -2.385 1.325
      vertex 2.34229 -2.385 1.325
    endloop
  endfacet
  facet normal 0 1 0
    outer loop
      vertex -2.34229 -2.385 1.325
      vertex 2.34229 -2.385 0.75
      vertex -2.34229 -2.385 0.75
    endloop
  endfacet
  facet normal 0 -1 0
    outer loop
      vertex -3.2 -3.005 0.375
      vertex 3.2 -3.005 1.325
      vertex -3.2 -3.005 1.325
    endloop
  endfacet
  facet normal 0 -1 -0
    outer loop
      vertex 3.2 -3.005 1.325
      vertex -3.2 -3.005 0.375
      vertex 3.2 -3.005 0.375
    endloop
  endfacet
  facet normal 1 -0 0
    outer loop
      vertex 3.355 -2.5 1.325
      vertex 3.355 2.5 0.375
      vertex 3.355 2.5 1.325
    endloop
  endfacet
  facet normal 1 0 0
    outer loop
      vertex 3.355 2.5 0.375
      vertex 3.355 -2.5 1.325
      vertex 3.355 -2.5 0.375
    endloop
  endfacet
  facet normal -1 0 0
    outer loop
      vertex 2.735 2.385 0.375
      vertex 2.735 1.99229 0.75
      vertex 2.735 2.385 0.75
    endloop
  endfacet
  facet normal -1 0 0
    outer loop
      vertex 2.735 1.99229 0.75
      vertex 2.735 1.86 0.924999
      vertex 2.735 1.99229 1.325
    endloop
  endfacet
  facet normal -1 0 0
    outer loop
      vertex 2.735 1.99229 0.75
      vertex 2.735 1.44 0.924999
      vertex 2.735 1.86 0.924999
    endloop
  endfacet
  facet normal -1 0 0
    outer loop
      vertex 2.735 2.385 0.375
      vertex 2.735 1.44 0.924999
      vertex 2.735 1.99229 0.75
    endloop
  endfacet
  facet normal -1 0 0
    outer loop
      vertex 2.735 1.44 0.924999
      vertex 2.735 -1.44 0.924999
      vertex 2.735 1.44 1.325
    endloop
  endfacet
  facet normal -1 0 0
    outer loop
      vertex 2.735 2.385 0.375
      vertex 2.735 -1.44 0.924999
      vertex 2.735 1.44 0.924999
    endloop
  endfacet
  facet normal -1 0 0
    outer loop
      vertex 2.735 -2.385 0.375
      vertex 2.735 -1.44 0.924999
      vertex 2.735 2.385 0.375
    endloop
  endfacet
  facet normal -1 0 0
    outer loop
      vertex 2.735 -1.99229 1.325
      vertex 2.735 -1.86 0.924999
      vertex 2.735 -1.99229 0.75
    endloop
  endfacet
  facet normal -1 -0 0
    outer loop
      vertex 2.735 -1.44 0.924999
      vertex 2.735 -1.99229 0.75
      vertex 2.735 -1.86 0.924999
    endloop
  endfacet
  facet normal -1 0 0
    outer loop
      vertex 2.735 -1.44 0.924999
      vertex 2.735 -2.385 0.375
      vertex 2.735 -1.99229 0.75
    endloop
  endfacet
  facet normal -1 -0 0
    outer loop
      vertex 2.735 -1.99229 0.75
      vertex 2.735 -2.385 0.375
      vertex 2.735 -2.385 0.75
    endloop
  endfacet
  facet normal -1 -0 0
    outer loop
      vertex 2.735 1.99229 1.325
      vertex 2.735 1.86 0.924999
      vertex 2.735 1.86 1.325
    endloop
  endfacet
  facet normal -1 -0 0
    outer loop
      vertex 2.735 1.44 1.325
      vertex 2.735 -1.44 0.924999
      vertex 2.735 -1.44 1.325
    endloop
  endfacet
  facet normal -1 0 0
    outer loop
      vertex 2.735 -1.86 0.924999
      vertex 2.735 -1.99229 1.325
      vertex 2.735 -1.86 1.325
    endloop
  endfacet
  facet normal 0 1 -0
    outer loop
      vertex 3.355 2.5 0.375
      vertex 3.2 2.5 1.325
      vertex 3.355 2.5 1.325
    endloop
  endfacet
  facet normal 0 1 0
    outer loop
      vertex 3.2 2.5 1.325
      vertex 3.355 2.5 0.375
      vertex 3.2 2.5 0.375
    endloop
  endfacet
  facet normal 0 -1 0
    outer loop
      vertex 3.2 -2.5 0.375
      vertex 3.355 -2.5 1.325
      vertex 3.2 -2.5 1.325
    endloop
  endfacet
  facet normal 0 -1 -0
    outer loop
      vertex 3.355 -2.5 1.325
      vertex 3.2 -2.5 0.375
      vertex 3.355 -2.5 0.375
    endloop
  endfacet
  facet normal 1 0 0
    outer loop
      vertex -2.735 -1.86 1.325
      vertex -2.735 -1.99229 1.325
      vertex -2.735 -1.86 0.924999
    endloop
  endfacet
  facet normal 1 0 0
    outer loop
      vertex -2.735 1.44 1.325
      vertex -2.735 -1.44 1.325
      vertex -2.735 1.44 0.924999
    endloop
  endfacet
  facet normal 1 0 0
    outer loop
      vertex -2.735 1.86 0.924999
      vertex -2.735 1.99229 1.325
      vertex -2.735 1.86 1.325
    endloop
  endfacet
  facet normal 1 -0 0
    outer loop
      vertex -2.735 1.99229 0.75
      vertex -2.735 2.385 0.375
      vertex -2.735 2.385 0.75
    endloop
  endfacet
  facet normal 1 0 0
    outer loop
      vertex -2.735 1.99229 1.325
      vertex -2.735 1.86 0.924999
      vertex -2.735 1.99229 0.75
    endloop
  endfacet
  facet normal 1 -0 0
    outer loop
      vertex -2.735 1.44 0.924999
      vertex -2.735 1.99229 0.75
      vertex -2.735 1.86 0.924999
    endloop
  endfacet
  facet normal 1 0 0
    outer loop
      vertex -2.735 1.44 0.924999
      vertex -2.735 2.385 0.375
      vertex -2.735 1.99229 0.75
    endloop
  endfacet
  facet normal 1 0 0
    outer loop
      vertex -2.735 -1.44 0.924999
      vertex -2.735 1.44 0.924999
      vertex -2.735 -1.44 1.325
    endloop
  endfacet
  facet normal 1 0 0
    outer loop
      vertex -2.735 1.44 0.924999
      vertex -2.735 -1.44 0.924999
      vertex -2.735 2.385 0.375
    endloop
  endfacet
  facet normal 1 0 0
    outer loop
      vertex -2.735 -1.99229 0.75
      vertex -2.735 -1.44 0.924999
      vertex -2.735 -1.86 0.924999
    endloop
  endfacet
  facet normal 1 0 0
    outer loop
      vertex -2.735 -1.99229 0.75
      vertex -2.735 -1.86 0.924999
      vertex -2.735 -1.99229 1.325
    endloop
  endfacet
  facet normal 1 0 0
    outer loop
      vertex -2.735 -2.385 0.375
      vertex -2.735 -1.44 0.924999
      vertex -2.735 -1.99229 0.75
    endloop
  endfacet
  facet normal 1 0 0
    outer loop
      vertex -2.735 -2.385 0.375
      vertex -2.735 -1.99229 0.75
      vertex -2.735 -2.385 0.75
    endloop
  endfacet
  facet normal 1 0 0
    outer loop
      vertex -2.735 -1.44 0.924999
      vertex -2.735 -2.385 0.375
      vertex -2.735 2.385 0.375
    endloop
  endfacet
  facet normal -1 0 0
    outer loop
      vertex -3.355 -2.5 0.375
      vertex -3.355 2.5 1.325
      vertex -3.355 2.5 0.375
    endloop
  endfacet
  facet normal -1 -0 0
    outer loop
      vertex -3.355 2.5 1.325
      vertex -3.355 -2.5 0.375
      vertex -3.355 -2.5 1.325
    endloop
  endfacet
  facet normal 0 1 -0
    outer loop
      vertex -3.2 2.5 0.375
      vertex -3.355 2.5 1.325
      vertex -3.2 2.5 1.325
    endloop
  endfacet
  facet normal 0 1 0
    outer loop
      vertex -3.355 2.5 1.325
      vertex -3.2 2.5 0.375
      vertex -3.355 2.5 0.375
    endloop
  endfacet
  facet normal 0 -1 0
    outer loop
      vertex -3.355 -2.5 0.375
      vertex -3.2 -2.5 1.325
      vertex -3.355 -2.5 1.325
    endloop
  endfacet
  facet normal 0 -1 -0
    outer loop
      vertex -3.2 -2.5 1.325
      vertex -3.355 -2.5 0.375
      vertex -3.2 -2.5 0.375
    endloop
  endfacet
  facet normal 0.442365 -0.896835 0
    outer loop
      vertex 2.83777 2.0174 1.325
      vertex 2.88 2.03823 2.9
      vertex 2.83777 2.0174 2.9
    endloop
  endfacet
  facet normal 0.442365 -0.896835 0
    outer loop
      vertex 2.88 2.03823 2.9
      vertex 2.83777 2.0174 1.325
      vertex 2.88 2.03823 1.325
    endloop
  endfacet
  facet normal 0.980768 0.195177 0
    outer loop
      vertex 3.05692 2.39699 2.9
      vertex 3.04773 2.44317 1.325
      vertex 3.04773 2.44317 2.9
    endloop
  endfacet
  facet normal 0.980768 0.195177 0
    outer loop
      vertex 3.04773 2.44317 1.325
      vertex 3.05692 2.39699 2.9
      vertex 3.05692 2.39699 1.325
    endloop
  endfacet
  facet normal 0.997859 0.0654055 0
    outer loop
      vertex 3.06 2.35 2.9
      vertex 3.05692 2.39699 1.325
      vertex 3.05692 2.39699 2.9
    endloop
  endfacet
  facet normal 0.997859 0.0654055 0
    outer loop
      vertex 3.05692 2.39699 1.325
      vertex 3.06 2.35 2.9
      vertex 3.06 2.35 1.325
    endloop
  endfacet
  facet normal 0.946993 0.321256 0
    outer loop
      vertex 3.04773 2.44317 2.9
      vertex 3.0326 2.48777 1.325
      vertex 3.0326 2.48777 2.9
    endloop
  endfacet
  facet normal 0.946993 0.321256 0
    outer loop
      vertex 3.0326 2.48777 1.325
      vertex 3.04773 2.44317 2.9
      vertex 3.04773 2.44317 1.325
    endloop
  endfacet
  facet normal 0.831462 0.555582 0
    outer loop
      vertex 3.01177 2.53 2.9
      vertex 2.98561 2.56915 1.325
      vertex 2.98561 2.56915 2.9
    endloop
  endfacet
  facet normal 0.831462 0.555582 0
    outer loop
      vertex 2.98561 2.56915 1.325
      vertex 3.01177 2.53 2.9
      vertex 3.01177 2.53 1.325
    endloop
  endfacet
  facet normal 0 0 -1
    outer loop
      vertex 2.7 1.99 0.75
      vertex 2.735 2.385 0.75
      vertex 2.735 1.99229 0.75
    endloop
  endfacet
  facet normal 0 0 -1
    outer loop
      vertex 2.65301 1.99308 0.75
      vertex 2.735 2.385 0.75
      vertex 2.7 1.99 0.75
    endloop
  endfacet
  facet normal 0 0 -1
    outer loop
      vertex 2.60682 2.00227 0.75
      vertex 2.735 2.385 0.75
      vertex 2.65301 1.99308 0.75
    endloop
  endfacet
  facet normal 0 0 -1
    outer loop
      vertex 2.56223 2.0174 0.75
      vertex 2.735 2.385 0.75
      vertex 2.60682 2.00227 0.75
    endloop
  endfacet
  facet normal 0 0 -1
    outer loop
      vertex 2.52 2.03823 0.75
      vertex 2.735 2.385 0.75
      vertex 2.56223 2.0174 0.75
    endloop
  endfacet
  facet normal 0 0 -1
    outer loop
      vertex 2.48085 2.06439 0.75
      vertex 2.735 2.385 0.75
      vertex 2.52 2.03823 0.75
    endloop
  endfacet
  facet normal 0 0 -1
    outer loop
      vertex 2.44544 2.09544 0.75
      vertex 2.735 2.385 0.75
      vertex 2.48085 2.06439 0.75
    endloop
  endfacet
  facet normal 0 0 -1
    outer loop
      vertex 2.41439 2.13085 0.75
      vertex 2.735 2.385 0.75
      vertex 2.44544 2.09544 0.75
    endloop
  endfacet
  facet normal 0 0 -1
    outer loop
      vertex 2.38823 2.17 0.75
      vertex 2.735 2.385 0.75
      vertex 2.41439 2.13085 0.75
    endloop
  endfacet
  facet normal 0 0 -1
    outer loop
      vertex 2.3674 2.21223 0.75
      vertex 2.735 2.385 0.75
      vertex 2.38823 2.17 0.75
    endloop
  endfacet
  facet normal 0 0 -1
    outer loop
      vertex 2.35227 2.25682 0.75
      vertex 2.735 2.385 0.75
      vertex 2.3674 2.21223 0.75
    endloop
  endfacet
  facet normal 0 0 -1
    outer loop
      vertex 2.34308 2.30301 0.75
      vertex 2.735 2.385 0.75
      vertex 2.35227 2.25682 0.75
    endloop
  endfacet
  facet normal 0 0 -1
    outer loop
      vertex 2.34 2.35 0.75
      vertex 2.735 2.385 0.75
      vertex 2.34308 2.30301 0.75
    endloop
  endfacet
  facet normal -0 0 -1
    outer loop
      vertex 2.735 2.385 0.75
      vertex 2.34 2.35 0.75
      vertex 2.34229 2.385 0.75
    endloop
  endfacet
  facet normal -0.32132 -0.946971 0
    outer loop
      vertex 2.56223 2.0174 0.75
      vertex 2.60682 2.00227 2.9
      vertex 2.56223 2.0174 2.9
    endloop
  endfacet
  facet normal -0.32132 -0.946971 -0
    outer loop
      vertex 2.60682 2.00227 2.9
      vertex 2.56223 2.0174 0.75
      vertex 2.60682 2.00227 0.75
    endloop
  endfacet
  facet normal 0.0654055 0.997859 -0
    outer loop
      vertex 2.74699 2.70692 1.325
      vertex 2.7 2.71 2.9
      vertex 2.74699 2.70692 2.9
    endloop
  endfacet
  facet normal 0.0654055 0.997859 0
    outer loop
      vertex 2.7 2.71 2.9
      vertex 2.74699 2.70692 1.325
      vertex 2.7 2.71 1.325
    endloop
  endfacet
  facet normal 0.555582 -0.831462 0
    outer loop
      vertex 2.88 2.03823 1.325
      vertex 2.91915 2.06439 2.9
      vertex 2.88 2.03823 2.9
    endloop
  endfacet
  facet normal 0.555582 -0.831462 0
    outer loop
      vertex 2.91915 2.06439 2.9
      vertex 2.88 2.03823 1.325
      vertex 2.91915 2.06439 1.325
    endloop
  endfacet
  facet normal 0.321256 -0.946993 0
    outer loop
      vertex 2.79317 2.00227 1.325
      vertex 2.83777 2.0174 2.9
      vertex 2.79317 2.00227 2.9
    endloop
  endfacet
  facet normal 0.321256 -0.946993 0
    outer loop
      vertex 2.83777 2.0174 2.9
      vertex 2.79317 2.00227 1.325
      vertex 2.83777 2.0174 1.325
    endloop
  endfacet
  facet normal 0.896835 0.442365 0
    outer loop
      vertex 3.0326 2.48777 2.9
      vertex 3.01177 2.53 1.325
      vertex 3.01177 2.53 2.9
    endloop
  endfacet
  facet normal 0.896835 0.442365 0
    outer loop
      vertex 3.01177 2.53 1.325
      vertex 3.0326 2.48777 2.9
      vertex 3.0326 2.48777 1.325
    endloop
  endfacet
  facet normal -0.195136 0.980776 0
    outer loop
      vertex 2.65301 2.70692 1.325
      vertex 2.60682 2.69773 2.9
      vertex 2.65301 2.70692 2.9
    endloop
  endfacet
  facet normal -0.195136 0.980776 0
    outer loop
      vertex 2.60682 2.69773 2.9
      vertex 2.65301 2.70692 1.325
      vertex 2.60682 2.69773 1.325
    endloop
  endfacet
  facet normal -0.751879 0.659301 0
    outer loop
      vertex 2.41439 2.56915 1.325
      vertex 2.44544 2.60456 2.9
      vertex 2.44544 2.60456 1.325
    endloop
  endfacet
  facet normal -0.751879 0.659301 0
    outer loop
      vertex 2.44544 2.60456 2.9
      vertex 2.41439 2.56915 1.325
      vertex 2.41439 2.56915 2.9
    endloop
  endfacet
  facet normal 0.946971 -0.32132 0
    outer loop
      vertex 3.0326 2.21223 2.9
      vertex 3.04773 2.25682 1.325
      vertex 3.04773 2.25682 2.9
    endloop
  endfacet
  facet normal 0.946971 -0.32132 0
    outer loop
      vertex 3.04773 2.25682 1.325
      vertex 3.0326 2.21223 2.9
      vertex 3.0326 2.21223 1.325
    endloop
  endfacet
  facet normal 0.0654055 -0.997859 2.60085e-06
    outer loop
      vertex 2.7 1.99 2.9
      vertex 2.735 1.99229 1.325
      vertex 2.74699 1.99308 2.9
    endloop
  endfacet
  facet normal 0.065289 -0.997866 0
    outer loop
      vertex 2.7 1.99 0.75
      vertex 2.735 1.99229 1.325
      vertex 2.7 1.99 2.9
    endloop
  endfacet
  facet normal 0.065289 -0.997866 0
    outer loop
      vertex 2.735 1.99229 1.325
      vertex 2.7 1.99 0.75
      vertex 2.735 1.99229 0.75
    endloop
  endfacet
  facet normal 0.0657457 -0.997836 0
    outer loop
      vertex 2.74699 1.99308 2.9
      vertex 2.735 1.99229 1.325
      vertex 2.74699 1.99308 1.325
    endloop
  endfacet
  facet normal -0.32132 0.946971 0
    outer loop
      vertex 2.60682 2.69773 1.325
      vertex 2.56223 2.6826 2.9
      vertex 2.60682 2.69773 2.9
    endloop
  endfacet
  facet normal -0.32132 0.946971 0
    outer loop
      vertex 2.56223 2.6826 2.9
      vertex 2.60682 2.69773 1.325
      vertex 2.56223 2.6826 1.325
    endloop
  endfacet
  facet normal -0.946971 -0.32132 0
    outer loop
      vertex 2.3674 2.21223 0.75
      vertex 2.35227 2.25682 2.9
      vertex 2.35227 2.25682 0.75
    endloop
  endfacet
  facet normal -0.946971 -0.32132 0
    outer loop
      vertex 2.35227 2.25682 2.9
      vertex 2.3674 2.21223 0.75
      vertex 2.3674 2.21223 2.9
    endloop
  endfacet
  facet normal 0.555582 0.831462 -0
    outer loop
      vertex 2.91915 2.63561 1.325
      vertex 2.88 2.66177 2.9
      vertex 2.91915 2.63561 2.9
    endloop
  endfacet
  facet normal 0.555582 0.831462 0
    outer loop
      vertex 2.88 2.66177 2.9
      vertex 2.91915 2.63561 1.325
      vertex 2.88 2.66177 1.325
    endloop
  endfacet
  facet normal 0.997859 -0.0654055 0
    outer loop
      vertex 3.05692 2.30301 2.9
      vertex 3.06 2.35 1.325
      vertex 3.06 2.35 2.9
    endloop
  endfacet
  facet normal 0.997859 -0.0654055 0
    outer loop
      vertex 3.06 2.35 1.325
      vertex 3.05692 2.30301 2.9
      vertex 3.05692 2.30301 1.325
    endloop
  endfacet
  facet normal 0.195177 -0.980768 0
    outer loop
      vertex 2.74699 1.99308 1.325
      vertex 2.79317 2.00227 2.9
      vertex 2.74699 1.99308 2.9
    endloop
  endfacet
  facet normal 0.195177 -0.980768 0
    outer loop
      vertex 2.79317 2.00227 2.9
      vertex 2.74699 1.99308 1.325
      vertex 2.79317 2.00227 1.325
    endloop
  endfacet
  facet normal 0.751879 -0.659301 0
    outer loop
      vertex 2.95456 2.09544 2.9
      vertex 2.98561 2.13085 1.325
      vertex 2.98561 2.13085 2.9
    endloop
  endfacet
  facet normal 0.751879 -0.659301 0
    outer loop
      vertex 2.98561 2.13085 1.325
      vertex 2.95456 2.09544 2.9
      vertex 2.95456 2.09544 1.325
    endloop
  endfacet
  facet normal -0.555582 0.831462 0
    outer loop
      vertex 2.52 2.66177 1.325
      vertex 2.48085 2.63561 2.9
      vertex 2.52 2.66177 2.9
    endloop
  endfacet
  facet normal -0.555582 0.831462 0
    outer loop
      vertex 2.48085 2.63561 2.9
      vertex 2.52 2.66177 1.325
      vertex 2.48085 2.63561 1.325
    endloop
  endfacet
  facet normal 0.896835 -0.442365 0
    outer loop
      vertex 3.01177 2.17 2.9
      vertex 3.0326 2.21223 1.325
      vertex 3.0326 2.21223 2.9
    endloop
  endfacet
  facet normal 0.896835 -0.442365 0
    outer loop
      vertex 3.0326 2.21223 1.325
      vertex 3.01177 2.17 2.9
      vertex 3.01177 2.17 1.325
    endloop
  endfacet
  facet normal 0.980776 -0.195136 0
    outer loop
      vertex 3.04773 2.25682 2.9
      vertex 3.05692 2.30301 1.325
      vertex 3.05692 2.30301 2.9
    endloop
  endfacet
  facet normal 0.980776 -0.195136 0
    outer loop
      vertex 3.05692 2.30301 1.325
      vertex 3.04773 2.25682 2.9
      vertex 3.04773 2.25682 1.325
    endloop
  endfacet
  facet normal -0.997859 -0.0654055 0
    outer loop
      vertex 2.34308 2.30301 0.75
      vertex 2.34 2.35 2.9
      vertex 2.34 2.35 0.75
    endloop
  endfacet
  facet normal -0.997859 -0.0654055 0
    outer loop
      vertex 2.34 2.35 2.9
      vertex 2.34308 2.30301 0.75
      vertex 2.34308 2.30301 2.9
    endloop
  endfacet
  facet normal 0.442365 0.896835 -0
    outer loop
      vertex 2.88 2.66177 1.325
      vertex 2.83777 2.6826 2.9
      vertex 2.88 2.66177 2.9
    endloop
  endfacet
  facet normal 0.442365 0.896835 0
    outer loop
      vertex 2.83777 2.6826 2.9
      vertex 2.88 2.66177 1.325
      vertex 2.83777 2.6826 1.325
    endloop
  endfacet
  facet normal -0.980768 0.195177 0
    outer loop
      vertex 2.34308 2.39699 1.325
      vertex 2.35227 2.44317 2.9
      vertex 2.35227 2.44317 1.325
    endloop
  endfacet
  facet normal -0.980768 0.195177 0
    outer loop
      vertex 2.35227 2.44317 2.9
      vertex 2.34308 2.39699 1.325
      vertex 2.34308 2.39699 2.9
    endloop
  endfacet
  facet normal -0.831462 -0.555582 0
    outer loop
      vertex 2.41439 2.13085 0.75
      vertex 2.38823 2.17 2.9
      vertex 2.38823 2.17 0.75
    endloop
  endfacet
  facet normal -0.831462 -0.555582 0
    outer loop
      vertex 2.38823 2.17 2.9
      vertex 2.41439 2.13085 0.75
      vertex 2.41439 2.13085 2.9
    endloop
  endfacet
  facet normal -0.896835 -0.442365 0
    outer loop
      vertex 2.38823 2.17 0.75
      vertex 2.3674 2.21223 2.9
      vertex 2.3674 2.21223 0.75
    endloop
  endfacet
  facet normal -0.896835 -0.442365 0
    outer loop
      vertex 2.3674 2.21223 2.9
      vertex 2.38823 2.17 0.75
      vertex 2.38823 2.17 2.9
    endloop
  endfacet
  facet normal 0.195177 0.980768 -0
    outer loop
      vertex 2.79317 2.69773 1.325
      vertex 2.74699 2.70692 2.9
      vertex 2.79317 2.69773 2.9
    endloop
  endfacet
  facet normal 0.195177 0.980768 0
    outer loop
      vertex 2.74699 2.70692 2.9
      vertex 2.79317 2.69773 1.325
      vertex 2.74699 2.70692 1.325
    endloop
  endfacet
  facet normal 0.751879 0.659301 0
    outer loop
      vertex 2.98561 2.56915 2.9
      vertex 2.95456 2.60456 1.325
      vertex 2.95456 2.60456 2.9
    endloop
  endfacet
  facet normal 0.751879 0.659301 0
    outer loop
      vertex 2.95456 2.60456 1.325
      vertex 2.98561 2.56915 2.9
      vertex 2.98561 2.56915 1.325
    endloop
  endfacet
  facet normal -0.946993 0.321256 0
    outer loop
      vertex 2.35227 2.44317 1.325
      vertex 2.3674 2.48777 2.9
      vertex 2.3674 2.48777 1.325
    endloop
  endfacet
  facet normal -0.946993 0.321256 0
    outer loop
      vertex 2.3674 2.48777 2.9
      vertex 2.35227 2.44317 1.325
      vertex 2.35227 2.44317 2.9
    endloop
  endfacet
  facet normal -0.751879 -0.659301 0
    outer loop
      vertex 2.44544 2.09544 0.75
      vertex 2.41439 2.13085 2.9
      vertex 2.41439 2.13085 0.75
    endloop
  endfacet
  facet normal -0.751879 -0.659301 0
    outer loop
      vertex 2.41439 2.13085 2.9
      vertex 2.44544 2.09544 0.75
      vertex 2.44544 2.09544 2.9
    endloop
  endfacet
  facet normal -0.0654055 -0.997859 0
    outer loop
      vertex 2.65301 1.99308 0.75
      vertex 2.7 1.99 2.9
      vertex 2.65301 1.99308 2.9
    endloop
  endfacet
  facet normal -0.0654055 -0.997859 -0
    outer loop
      vertex 2.7 1.99 2.9
      vertex 2.65301 1.99308 0.75
      vertex 2.7 1.99 0.75
    endloop
  endfacet
  facet normal 0.831462 -0.555582 0
    outer loop
      vertex 2.98561 2.13085 2.9
      vertex 3.01177 2.17 1.325
      vertex 3.01177 2.17 2.9
    endloop
  endfacet
  facet normal 0.831462 -0.555582 0
    outer loop
      vertex 3.01177 2.17 1.325
      vertex 2.98561 2.13085 2.9
      vertex 2.98561 2.13085 1.325
    endloop
  endfacet
  facet normal -0.442365 0.896835 0
    outer loop
      vertex 2.56223 2.6826 1.325
      vertex 2.52 2.66177 2.9
      vertex 2.56223 2.6826 2.9
    endloop
  endfacet
  facet normal -0.442365 0.896835 0
    outer loop
      vertex 2.52 2.66177 2.9
      vertex 2.56223 2.6826 1.325
      vertex 2.52 2.66177 1.325
    endloop
  endfacet
  facet normal 0.321256 0.946993 -0
    outer loop
      vertex 2.83777 2.6826 1.325
      vertex 2.79317 2.69773 2.9
      vertex 2.83777 2.6826 2.9
    endloop
  endfacet
  facet normal 0.321256 0.946993 0
    outer loop
      vertex 2.79317 2.69773 2.9
      vertex 2.83777 2.6826 1.325
      vertex 2.79317 2.69773 1.325
    endloop
  endfacet
  facet normal 0 0 1
    outer loop
      vertex 3.05692 2.39699 2.9
      vertex 3.05692 2.30301 2.9
      vertex 3.06 2.35 2.9
    endloop
  endfacet
  facet normal 0 0 1
    outer loop
      vertex 3.04773 2.44317 2.9
      vertex 3.05692 2.30301 2.9
      vertex 3.05692 2.39699 2.9
    endloop
  endfacet
  facet normal 0 0 1
    outer loop
      vertex 3.04773 2.44317 2.9
      vertex 3.04773 2.25682 2.9
      vertex 3.05692 2.30301 2.9
    endloop
  endfacet
  facet normal 0 0 1
    outer loop
      vertex 3.0326 2.48777 2.9
      vertex 3.04773 2.25682 2.9
      vertex 3.04773 2.44317 2.9
    endloop
  endfacet
  facet normal 0 0 1
    outer loop
      vertex 3.0326 2.48777 2.9
      vertex 3.0326 2.21223 2.9
      vertex 3.04773 2.25682 2.9
    endloop
  endfacet
  facet normal 0 0 1
    outer loop
      vertex 3.01177 2.53 2.9
      vertex 3.0326 2.21223 2.9
      vertex 3.0326 2.48777 2.9
    endloop
  endfacet
  facet normal 0 0 1
    outer loop
      vertex 3.01177 2.53 2.9
      vertex 3.01177 2.17 2.9
      vertex 3.0326 2.21223 2.9
    endloop
  endfacet
  facet normal 0 0 1
    outer loop
      vertex 2.98561 2.56915 2.9
      vertex 3.01177 2.17 2.9
      vertex 3.01177 2.53 2.9
    endloop
  endfacet
  facet normal 0 0 1
    outer loop
      vertex 2.98561 2.56915 2.9
      vertex 2.98561 2.13085 2.9
      vertex 3.01177 2.17 2.9
    endloop
  endfacet
  facet normal 0 0 1
    outer loop
      vertex 2.95456 2.60456 2.9
      vertex 2.98561 2.13085 2.9
      vertex 2.98561 2.56915 2.9
    endloop
  endfacet
  facet normal 0 0 1
    outer loop
      vertex 2.95456 2.60456 2.9
      vertex 2.95456 2.09544 2.9
      vertex 2.98561 2.13085 2.9
    endloop
  endfacet
  facet normal 0 0 1
    outer loop
      vertex 2.91915 2.63561 2.9
      vertex 2.95456 2.09544 2.9
      vertex 2.95456 2.60456 2.9
    endloop
  endfacet
  facet normal 0 0 1
    outer loop
      vertex 2.91915 2.63561 2.9
      vertex 2.91915 2.06439 2.9
      vertex 2.95456 2.09544 2.9
    endloop
  endfacet
  facet normal 0 0 1
    outer loop
      vertex 2.88 2.66177 2.9
      vertex 2.91915 2.06439 2.9
      vertex 2.91915 2.63561 2.9
    endloop
  endfacet
  facet normal 0 0 1
    outer loop
      vertex 2.88 2.66177 2.9
      vertex 2.88 2.03823 2.9
      vertex 2.91915 2.06439 2.9
    endloop
  endfacet
  facet normal 0 0 1
    outer loop
      vertex 2.83777 2.6826 2.9
      vertex 2.88 2.03823 2.9
      vertex 2.88 2.66177 2.9
    endloop
  endfacet
  facet normal 0 0 1
    outer loop
      vertex 2.83777 2.6826 2.9
      vertex 2.83777 2.0174 2.9
      vertex 2.88 2.03823 2.9
    endloop
  endfacet
  facet normal 0 0 1
    outer loop
      vertex 2.79317 2.69773 2.9
      vertex 2.83777 2.0174 2.9
      vertex 2.83777 2.6826 2.9
    endloop
  endfacet
  facet normal 0 0 1
    outer loop
      vertex 2.79317 2.69773 2.9
      vertex 2.79317 2.00227 2.9
      vertex 2.83777 2.0174 2.9
    endloop
  endfacet
  facet normal 0 0 1
    outer loop
      vertex 2.74699 2.70692 2.9
      vertex 2.79317 2.00227 2.9
      vertex 2.79317 2.69773 2.9
    endloop
  endfacet
  facet normal 0 0 1
    outer loop
      vertex 2.74699 2.70692 2.9
      vertex 2.74699 1.99308 2.9
      vertex 2.79317 2.00227 2.9
    endloop
  endfacet
  facet normal 0 0 1
    outer loop
      vertex 2.7 2.71 2.9
      vertex 2.74699 1.99308 2.9
      vertex 2.74699 2.70692 2.9
    endloop
  endfacet
  facet normal 0 0 1
    outer loop
      vertex 2.7 2.71 2.9
      vertex 2.7 1.99 2.9
      vertex 2.74699 1.99308 2.9
    endloop
  endfacet
  facet normal -0 0 1
    outer loop
      vertex 2.65301 2.70692 2.9
      vertex 2.7 1.99 2.9
      vertex 2.7 2.71 2.9
    endloop
  endfacet
  facet normal 0 0 1
    outer loop
      vertex 2.65301 2.70692 2.9
      vertex 2.65301 1.99308 2.9
      vertex 2.7 1.99 2.9
    endloop
  endfacet
  facet normal -0 0 1
    outer loop
      vertex 2.60682 2.69773 2.9
      vertex 2.65301 1.99308 2.9
      vertex 2.65301 2.70692 2.9
    endloop
  endfacet
  facet normal 0 0 1
    outer loop
      vertex 2.60682 2.69773 2.9
      vertex 2.60682 2.00227 2.9
      vertex 2.65301 1.99308 2.9
    endloop
  endfacet
  facet normal -0 0 1
    outer loop
      vertex 2.56223 2.6826 2.9
      vertex 2.60682 2.00227 2.9
      vertex 2.60682 2.69773 2.9
    endloop
  endfacet
  facet normal 0 0 1
    outer loop
      vertex 2.56223 2.6826 2.9
      vertex 2.56223 2.0174 2.9
      vertex 2.60682 2.00227 2.9
    endloop
  endfacet
  facet normal -0 0 1
    outer loop
      vertex 2.52 2.66177 2.9
      vertex 2.56223 2.0174 2.9
      vertex 2.56223 2.6826 2.9
    endloop
  endfacet
  facet normal 0 0 1
    outer loop
      vertex 2.52 2.66177 2.9
      vertex 2.52 2.03823 2.9
      vertex 2.56223 2.0174 2.9
    endloop
  endfacet
  facet normal -0 0 1
    outer loop
      vertex 2.48085 2.63561 2.9
      vertex 2.52 2.03823 2.9
      vertex 2.52 2.66177 2.9
    endloop
  endfacet
  facet normal 0 0 1
    outer loop
      vertex 2.48085 2.63561 2.9
      vertex 2.48085 2.06439 2.9
      vertex 2.52 2.03823 2.9
    endloop
  endfacet
  facet normal -0 0 1
    outer loop
      vertex 2.44544 2.60456 2.9
      vertex 2.48085 2.06439 2.9
      vertex 2.48085 2.63561 2.9
    endloop
  endfacet
  facet normal 0 0 1
    outer loop
      vertex 2.44544 2.60456 2.9
      vertex 2.44544 2.09544 2.9
      vertex 2.48085 2.06439 2.9
    endloop
  endfacet
  facet normal -0 0 1
    outer loop
      vertex 2.41439 2.56915 2.9
      vertex 2.44544 2.09544 2.9
      vertex 2.44544 2.60456 2.9
    endloop
  endfacet
  facet normal 0 0 1
    outer loop
      vertex 2.41439 2.56915 2.9
      vertex 2.41439 2.13085 2.9
      vertex 2.44544 2.09544 2.9
    endloop
  endfacet
  facet normal -0 0 1
    outer loop
      vertex 2.38823 2.53 2.9
      vertex 2.41439 2.13085 2.9
      vertex 2.41439 2.56915 2.9
    endloop
  endfacet
  facet normal 0 0 1
    outer loop
      vertex 2.38823 2.53 2.9
      vertex 2.38823 2.17 2.9
      vertex 2.41439 2.13085 2.9
    endloop
  endfacet
  facet normal -0 0 1
    outer loop
      vertex 2.3674 2.48777 2.9
      vertex 2.38823 2.17 2.9
      vertex 2.38823 2.53 2.9
    endloop
  endfacet
  facet normal 0 0 1
    outer loop
      vertex 2.3674 2.48777 2.9
      vertex 2.3674 2.21223 2.9
      vertex 2.38823 2.17 2.9
    endloop
  endfacet
  facet normal -0 0 1
    outer loop
      vertex 2.35227 2.44317 2.9
      vertex 2.3674 2.21223 2.9
      vertex 2.3674 2.48777 2.9
    endloop
  endfacet
  facet normal 0 0 1
    outer loop
      vertex 2.35227 2.44317 2.9
      vertex 2.35227 2.25682 2.9
      vertex 2.3674 2.21223 2.9
    endloop
  endfacet
  facet normal -0 0 1
    outer loop
      vertex 2.34308 2.39699 2.9
      vertex 2.35227 2.25682 2.9
      vertex 2.35227 2.44317 2.9
    endloop
  endfacet
  facet normal 0 0 1
    outer loop
      vertex 2.34308 2.39699 2.9
      vertex 2.34308 2.30301 2.9
      vertex 2.35227 2.25682 2.9
    endloop
  endfacet
  facet normal 0 -0 1
    outer loop
      vertex 2.34308 2.30301 2.9
      vertex 2.34308 2.39699 2.9
      vertex 2.34 2.35 2.9
    endloop
  endfacet
  facet normal -0.442365 -0.896835 0
    outer loop
      vertex 2.52 2.03823 0.75
      vertex 2.56223 2.0174 2.9
      vertex 2.52 2.03823 2.9
    endloop
  endfacet
  facet normal -0.442365 -0.896835 -0
    outer loop
      vertex 2.56223 2.0174 2.9
      vertex 2.52 2.03823 0.75
      vertex 2.56223 2.0174 0.75
    endloop
  endfacet
  facet normal -0.659301 0.751879 0
    outer loop
      vertex 2.48085 2.63561 1.325
      vertex 2.44544 2.60456 2.9
      vertex 2.48085 2.63561 2.9
    endloop
  endfacet
  facet normal -0.659301 0.751879 0
    outer loop
      vertex 2.44544 2.60456 2.9
      vertex 2.48085 2.63561 1.325
      vertex 2.44544 2.60456 1.325
    endloop
  endfacet
  facet normal -0.997866 0.065289 0
    outer loop
      vertex 2.34229 2.385 0.75
      vertex 2.34 2.35 0.75
      vertex 2.34229 2.385 1.325
    endloop
  endfacet
  facet normal -0.997836 0.0657457 0
    outer loop
      vertex 2.34229 2.385 1.325
      vertex 2.34308 2.39699 2.9
      vertex 2.34308 2.39699 1.325
    endloop
  endfacet
  facet normal -0.997866 0.065289 0
    outer loop
      vertex 2.34 2.35 2.9
      vertex 2.34229 2.385 1.325
      vertex 2.34 2.35 0.75
    endloop
  endfacet
  facet normal -0.997859 0.0654055 2.60085e-06
    outer loop
      vertex 2.34229 2.385 1.325
      vertex 2.34 2.35 2.9
      vertex 2.34308 2.39699 2.9
    endloop
  endfacet
  facet normal -0.0654055 0.997859 0
    outer loop
      vertex 2.7 2.71 1.325
      vertex 2.65301 2.70692 2.9
      vertex 2.7 2.71 2.9
    endloop
  endfacet
  facet normal -0.0654055 0.997859 0
    outer loop
      vertex 2.65301 2.70692 2.9
      vertex 2.7 2.71 1.325
      vertex 2.65301 2.70692 1.325
    endloop
  endfacet
  facet normal 0.659301 0.751879 -0
    outer loop
      vertex 2.95456 2.60456 1.325
      vertex 2.91915 2.63561 2.9
      vertex 2.95456 2.60456 2.9
    endloop
  endfacet
  facet normal 0.659301 0.751879 0
    outer loop
      vertex 2.91915 2.63561 2.9
      vertex 2.95456 2.60456 1.325
      vertex 2.91915 2.63561 1.325
    endloop
  endfacet
  facet normal -0.831462 0.555582 0
    outer loop
      vertex 2.38823 2.53 1.325
      vertex 2.41439 2.56915 2.9
      vertex 2.41439 2.56915 1.325
    endloop
  endfacet
  facet normal -0.831462 0.555582 0
    outer loop
      vertex 2.41439 2.56915 2.9
      vertex 2.38823 2.53 1.325
      vertex 2.38823 2.53 2.9
    endloop
  endfacet
  facet normal -0.555582 -0.831462 0
    outer loop
      vertex 2.48085 2.06439 0.75
      vertex 2.52 2.03823 2.9
      vertex 2.48085 2.06439 2.9
    endloop
  endfacet
  facet normal -0.555582 -0.831462 -0
    outer loop
      vertex 2.52 2.03823 2.9
      vertex 2.48085 2.06439 0.75
      vertex 2.52 2.03823 0.75
    endloop
  endfacet
  facet normal 0.659301 -0.751879 0
    outer loop
      vertex 2.91915 2.06439 1.325
      vertex 2.95456 2.09544 2.9
      vertex 2.91915 2.06439 2.9
    endloop
  endfacet
  facet normal 0.659301 -0.751879 0
    outer loop
      vertex 2.95456 2.09544 2.9
      vertex 2.91915 2.06439 1.325
      vertex 2.95456 2.09544 1.325
    endloop
  endfacet
  facet normal -0.980776 -0.195136 0
    outer loop
      vertex 2.35227 2.25682 0.75
      vertex 2.34308 2.30301 2.9
      vertex 2.34308 2.30301 0.75
    endloop
  endfacet
  facet normal -0.980776 -0.195136 0
    outer loop
      vertex 2.34308 2.30301 2.9
      vertex 2.35227 2.25682 0.75
      vertex 2.35227 2.25682 2.9
    endloop
  endfacet
  facet normal -0.659301 -0.751879 0
    outer loop
      vertex 2.44544 2.09544 0.75
      vertex 2.48085 2.06439 2.9
      vertex 2.44544 2.09544 2.9
    endloop
  endfacet
  facet normal -0.659301 -0.751879 -0
    outer loop
      vertex 2.48085 2.06439 2.9
      vertex 2.44544 2.09544 0.75
      vertex 2.48085 2.06439 0.75
    endloop
  endfacet
  facet normal -0.896835 0.442365 0
    outer loop
      vertex 2.3674 2.48777 1.325
      vertex 2.38823 2.53 2.9
      vertex 2.38823 2.53 1.325
    endloop
  endfacet
  facet normal -0.896835 0.442365 0
    outer loop
      vertex 2.38823 2.53 2.9
      vertex 2.3674 2.48777 1.325
      vertex 2.3674 2.48777 2.9
    endloop
  endfacet
  facet normal -0.195136 -0.980776 0
    outer loop
      vertex 2.60682 2.00227 0.75
      vertex 2.65301 1.99308 2.9
      vertex 2.60682 2.00227 2.9
    endloop
  endfacet
  facet normal -0.195136 -0.980776 -0
    outer loop
      vertex 2.65301 1.99308 2.9
      vertex 2.60682 2.00227 0.75
      vertex 2.65301 1.99308 0.75
    endloop
  endfacet
  facet normal 0.442365 -0.896835 0
    outer loop
      vertex 2.83777 -2.6826 1.325
      vertex 2.88 -2.66177 2.9
      vertex 2.83777 -2.6826 2.9
    endloop
  endfacet
  facet normal 0.442365 -0.896835 0
    outer loop
      vertex 2.88 -2.66177 2.9
      vertex 2.83777 -2.6826 1.325
      vertex 2.88 -2.66177 1.325
    endloop
  endfacet
  facet normal 0.980776 0.195136 0
    outer loop
      vertex 3.05692 -2.30301 2.9
      vertex 3.04773 -2.25682 1.325
      vertex 3.04773 -2.25682 2.9
    endloop
  endfacet
  facet normal 0.980776 0.195136 0
    outer loop
      vertex 3.04773 -2.25682 1.325
      vertex 3.05692 -2.30301 2.9
      vertex 3.05692 -2.30301 1.325
    endloop
  endfacet
  facet normal 0.997859 0.0654055 0
    outer loop
      vertex 3.06 -2.35 2.9
      vertex 3.05692 -2.30301 1.325
      vertex 3.05692 -2.30301 2.9
    endloop
  endfacet
  facet normal 0.997859 0.0654055 0
    outer loop
      vertex 3.05692 -2.30301 1.325
      vertex 3.06 -2.35 2.9
      vertex 3.06 -2.35 1.325
    endloop
  endfacet
  facet normal 0.946971 0.32132 0
    outer loop
      vertex 3.04773 -2.25682 2.9
      vertex 3.0326 -2.21223 1.325
      vertex 3.0326 -2.21223 2.9
    endloop
  endfacet
  facet normal 0.946971 0.32132 0
    outer loop
      vertex 3.0326 -2.21223 1.325
      vertex 3.04773 -2.25682 2.9
      vertex 3.04773 -2.25682 1.325
    endloop
  endfacet
  facet normal 0.831462 0.555582 0
    outer loop
      vertex 3.01177 -2.17 2.9
      vertex 2.98561 -2.13085 1.325
      vertex 2.98561 -2.13085 2.9
    endloop
  endfacet
  facet normal 0.831462 0.555582 0
    outer loop
      vertex 2.98561 -2.13085 1.325
      vertex 3.01177 -2.17 2.9
      vertex 3.01177 -2.17 1.325
    endloop
  endfacet
  facet normal 0 0 -1
    outer loop
      vertex 2.735 -2.385 0.75
      vertex 2.7 -1.99 0.75
      vertex 2.735 -1.99229 0.75
    endloop
  endfacet
  facet normal 0 0 -1
    outer loop
      vertex 2.735 -2.385 0.75
      vertex 2.65301 -1.99308 0.75
      vertex 2.7 -1.99 0.75
    endloop
  endfacet
  facet normal 0 0 -1
    outer loop
      vertex 2.735 -2.385 0.75
      vertex 2.60682 -2.00227 0.75
      vertex 2.65301 -1.99308 0.75
    endloop
  endfacet
  facet normal 0 0 -1
    outer loop
      vertex 2.735 -2.385 0.75
      vertex 2.56223 -2.0174 0.75
      vertex 2.60682 -2.00227 0.75
    endloop
  endfacet
  facet normal 0 0 -1
    outer loop
      vertex 2.735 -2.385 0.75
      vertex 2.52 -2.03823 0.75
      vertex 2.56223 -2.0174 0.75
    endloop
  endfacet
  facet normal 0 0 -1
    outer loop
      vertex 2.735 -2.385 0.75
      vertex 2.48085 -2.06439 0.75
      vertex 2.52 -2.03823 0.75
    endloop
  endfacet
  facet normal 0 0 -1
    outer loop
      vertex 2.735 -2.385 0.75
      vertex 2.44544 -2.09544 0.75
      vertex 2.48085 -2.06439 0.75
    endloop
  endfacet
  facet normal 0 0 -1
    outer loop
      vertex 2.735 -2.385 0.75
      vertex 2.41439 -2.13085 0.75
      vertex 2.44544 -2.09544 0.75
    endloop
  endfacet
  facet normal 0 0 -1
    outer loop
      vertex 2.735 -2.385 0.75
      vertex 2.38823 -2.17 0.75
      vertex 2.41439 -2.13085 0.75
    endloop
  endfacet
  facet normal 0 0 -1
    outer loop
      vertex 2.735 -2.385 0.75
      vertex 2.3674 -2.21223 0.75
      vertex 2.38823 -2.17 0.75
    endloop
  endfacet
  facet normal 0 0 -1
    outer loop
      vertex 2.735 -2.385 0.75
      vertex 2.35227 -2.25682 0.75
      vertex 2.3674 -2.21223 0.75
    endloop
  endfacet
  facet normal 0 0 -1
    outer loop
      vertex 2.735 -2.385 0.75
      vertex 2.34308 -2.30301 0.75
      vertex 2.35227 -2.25682 0.75
    endloop
  endfacet
  facet normal 0 0 -1
    outer loop
      vertex 2.34 -2.35 0.75
      vertex 2.735 -2.385 0.75
      vertex 2.34229 -2.385 0.75
    endloop
  endfacet
  facet normal 0 0 -1
    outer loop
      vertex 2.735 -2.385 0.75
      vertex 2.34 -2.35 0.75
      vertex 2.34308 -2.30301 0.75
    endloop
  endfacet
  facet normal -0.32132 -0.946971 0
    outer loop
      vertex 2.56223 -2.6826 1.325
      vertex 2.60682 -2.69773 2.9
      vertex 2.56223 -2.6826 2.9
    endloop
  endfacet
  facet normal -0.32132 -0.946971 -0
    outer loop
      vertex 2.60682 -2.69773 2.9
      vertex 2.56223 -2.6826 1.325
      vertex 2.60682 -2.69773 1.325
    endloop
  endfacet
  facet normal 0.0657457 0.997836 0
    outer loop
      vertex 2.735 -1.99229 1.325
      vertex 2.74699 -1.99308 2.9
      vertex 2.74699 -1.99308 1.325
    endloop
  endfacet
  facet normal 0.0654055 0.997859 2.60085e-06
    outer loop
      vertex 2.74699 -1.99308 2.9
      vertex 2.735 -1.99229 1.325
      vertex 2.7 -1.99 2.9
    endloop
  endfacet
  facet normal 0.065289 0.997866 0
    outer loop
      vertex 2.7 -1.99 0.75
      vertex 2.735 -1.99229 1.325
      vertex 2.735 -1.99229 0.75
    endloop
  endfacet
  facet normal 0.065289 0.997866 0
    outer loop
      vertex 2.735 -1.99229 1.325
      vertex 2.7 -1.99 0.75
      vertex 2.7 -1.99 2.9
    endloop
  endfacet
  facet normal 0.555582 -0.831462 0
    outer loop
      vertex 2.88 -2.66177 1.325
      vertex 2.91915 -2.63561 2.9
      vertex 2.88 -2.66177 2.9
    endloop
  endfacet
  facet normal 0.555582 -0.831462 0
    outer loop
      vertex 2.91915 -2.63561 2.9
      vertex 2.88 -2.66177 1.325
      vertex 2.91915 -2.63561 1.325
    endloop
  endfacet
  facet normal 0.321256 -0.946993 0
    outer loop
      vertex 2.79317 -2.69773 1.325
      vertex 2.83777 -2.6826 2.9
      vertex 2.79317 -2.69773 2.9
    endloop
  endfacet
  facet normal 0.321256 -0.946993 0
    outer loop
      vertex 2.83777 -2.6826 2.9
      vertex 2.79317 -2.69773 1.325
      vertex 2.83777 -2.6826 1.325
    endloop
  endfacet
  facet normal 0.896835 0.442365 0
    outer loop
      vertex 3.0326 -2.21223 2.9
      vertex 3.01177 -2.17 1.325
      vertex 3.01177 -2.17 2.9
    endloop
  endfacet
  facet normal 0.896835 0.442365 0
    outer loop
      vertex 3.01177 -2.17 1.325
      vertex 3.0326 -2.21223 2.9
      vertex 3.0326 -2.21223 1.325
    endloop
  endfacet
  facet normal -0.195136 0.980776 0
    outer loop
      vertex 2.65301 -1.99308 0.75
      vertex 2.60682 -2.00227 2.9
      vertex 2.65301 -1.99308 2.9
    endloop
  endfacet
  facet normal -0.195136 0.980776 0
    outer loop
      vertex 2.60682 -2.00227 2.9
      vertex 2.65301 -1.99308 0.75
      vertex 2.60682 -2.00227 0.75
    endloop
  endfacet
  facet normal -0.751879 0.659301 0
    outer loop
      vertex 2.41439 -2.13085 0.75
      vertex 2.44544 -2.09544 2.9
      vertex 2.44544 -2.09544 0.75
    endloop
  endfacet
  facet normal -0.751879 0.659301 0
    outer loop
      vertex 2.44544 -2.09544 2.9
      vertex 2.41439 -2.13085 0.75
      vertex 2.41439 -2.13085 2.9
    endloop
  endfacet
  facet normal 0.946993 -0.321256 0
    outer loop
      vertex 3.0326 -2.48777 2.9
      vertex 3.04773 -2.44317 1.325
      vertex 3.04773 -2.44317 2.9
    endloop
  endfacet
  facet normal 0.946993 -0.321256 0
    outer loop
      vertex 3.04773 -2.44317 1.325
      vertex 3.0326 -2.48777 2.9
      vertex 3.0326 -2.48777 1.325
    endloop
  endfacet
  facet normal 0.0654055 -0.997859 0
    outer loop
      vertex 2.7 -2.71 1.325
      vertex 2.74699 -2.70692 2.9
      vertex 2.7 -2.71 2.9
    endloop
  endfacet
  facet normal 0.0654055 -0.997859 0
    outer loop
      vertex 2.74699 -2.70692 2.9
      vertex 2.7 -2.71 1.325
      vertex 2.74699 -2.70692 1.325
    endloop
  endfacet
  facet normal -0.946993 -0.321256 0
    outer loop
      vertex 2.3674 -2.48777 1.325
      vertex 2.35227 -2.44317 2.9
      vertex 2.35227 -2.44317 1.325
    endloop
  endfacet
  facet normal -0.946993 -0.321256 0
    outer loop
      vertex 2.35227 -2.44317 2.9
      vertex 2.3674 -2.48777 1.325
      vertex 2.3674 -2.48777 2.9
    endloop
  endfacet
  facet normal 0.555582 0.831462 -0
    outer loop
      vertex 2.91915 -2.06439 1.325
      vertex 2.88 -2.03823 2.9
      vertex 2.91915 -2.06439 2.9
    endloop
  endfacet
  facet normal 0.555582 0.831462 0
    outer loop
      vertex 2.88 -2.03823 2.9
      vertex 2.91915 -2.06439 1.325
      vertex 2.88 -2.03823 1.325
    endloop
  endfacet
  facet normal 0.997859 -0.0654055 0
    outer loop
      vertex 3.05692 -2.39699 2.9
      vertex 3.06 -2.35 1.325
      vertex 3.06 -2.35 2.9
    endloop
  endfacet
  facet normal 0.997859 -0.0654055 0
    outer loop
      vertex 3.06 -2.35 1.325
      vertex 3.05692 -2.39699 2.9
      vertex 3.05692 -2.39699 1.325
    endloop
  endfacet
  facet normal 0.195177 -0.980768 0
    outer loop
      vertex 2.74699 -2.70692 1.325
      vertex 2.79317 -2.69773 2.9
      vertex 2.74699 -2.70692 2.9
    endloop
  endfacet
  facet normal 0.195177 -0.980768 0
    outer loop
      vertex 2.79317 -2.69773 2.9
      vertex 2.74699 -2.70692 1.325
      vertex 2.79317 -2.69773 1.325
    endloop
  endfacet
  facet normal 0.751879 -0.659301 0
    outer loop
      vertex 2.95456 -2.60456 2.9
      vertex 2.98561 -2.56915 1.325
      vertex 2.98561 -2.56915 2.9
    endloop
  endfacet
  facet normal 0.751879 -0.659301 0
    outer loop
      vertex 2.98561 -2.56915 1.325
      vertex 2.95456 -2.60456 2.9
      vertex 2.95456 -2.60456 1.325
    endloop
  endfacet
  facet normal -0.555582 0.831462 0
    outer loop
      vertex 2.52 -2.03823 0.75
      vertex 2.48085 -2.06439 2.9
      vertex 2.52 -2.03823 2.9
    endloop
  endfacet
  facet normal -0.555582 0.831462 0
    outer loop
      vertex 2.48085 -2.06439 2.9
      vertex 2.52 -2.03823 0.75
      vertex 2.48085 -2.06439 0.75
    endloop
  endfacet
  facet normal 0.896835 -0.442365 0
    outer loop
      vertex 3.01177 -2.53 2.9
      vertex 3.0326 -2.48777 1.325
      vertex 3.0326 -2.48777 2.9
    endloop
  endfacet
  facet normal 0.896835 -0.442365 0
    outer loop
      vertex 3.0326 -2.48777 1.325
      vertex 3.01177 -2.53 2.9
      vertex 3.01177 -2.53 1.325
    endloop
  endfacet
  facet normal 0.980768 -0.195177 0
    outer loop
      vertex 3.04773 -2.44317 2.9
      vertex 3.05692 -2.39699 1.325
      vertex 3.05692 -2.39699 2.9
    endloop
  endfacet
  facet normal 0.980768 -0.195177 0
    outer loop
      vertex 3.05692 -2.39699 1.325
      vertex 3.04773 -2.44317 2.9
      vertex 3.04773 -2.44317 1.325
    endloop
  endfacet
  facet normal -0.997866 -0.065289 -0
    outer loop
      vertex 2.34229 -2.385 1.325
      vertex 2.34 -2.35 0.75
      vertex 2.34229 -2.385 0.75
    endloop
  endfacet
  facet normal -0.997866 -0.065289 0
    outer loop
      vertex 2.34 -2.35 0.75
      vertex 2.34229 -2.385 1.325
      vertex 2.34 -2.35 2.9
    endloop
  endfacet
  facet normal -0.997836 -0.0657457 -0
    outer loop
      vertex 2.34308 -2.39699 2.9
      vertex 2.34229 -2.385 1.325
      vertex 2.34308 -2.39699 1.325
    endloop
  endfacet
  facet normal -0.997859 -0.0654055 2.60085e-06
    outer loop
      vertex 2.34229 -2.385 1.325
      vertex 2.34308 -2.39699 2.9
      vertex 2.34 -2.35 2.9
    endloop
  endfacet
  facet normal 0.442365 0.896835 -0
    outer loop
      vertex 2.88 -2.03823 1.325
      vertex 2.83777 -2.0174 2.9
      vertex 2.88 -2.03823 2.9
    endloop
  endfacet
  facet normal 0.442365 0.896835 0
    outer loop
      vertex 2.83777 -2.0174 2.9
      vertex 2.88 -2.03823 1.325
      vertex 2.83777 -2.0174 1.325
    endloop
  endfacet
  facet normal -0.980776 0.195136 0
    outer loop
      vertex 2.34308 -2.30301 0.75
      vertex 2.35227 -2.25682 2.9
      vertex 2.35227 -2.25682 0.75
    endloop
  endfacet
  facet normal -0.980776 0.195136 0
    outer loop
      vertex 2.35227 -2.25682 2.9
      vertex 2.34308 -2.30301 0.75
      vertex 2.34308 -2.30301 2.9
    endloop
  endfacet
  facet normal -0.831462 -0.555582 0
    outer loop
      vertex 2.41439 -2.56915 1.325
      vertex 2.38823 -2.53 2.9
      vertex 2.38823 -2.53 1.325
    endloop
  endfacet
  facet normal -0.831462 -0.555582 0
    outer loop
      vertex 2.38823 -2.53 2.9
      vertex 2.41439 -2.56915 1.325
      vertex 2.41439 -2.56915 2.9
    endloop
  endfacet
  facet normal -0.896835 -0.442365 0
    outer loop
      vertex 2.38823 -2.53 1.325
      vertex 2.3674 -2.48777 2.9
      vertex 2.3674 -2.48777 1.325
    endloop
  endfacet
  facet normal -0.896835 -0.442365 0
    outer loop
      vertex 2.3674 -2.48777 2.9
      vertex 2.38823 -2.53 1.325
      vertex 2.38823 -2.53 2.9
    endloop
  endfacet
  facet normal 0.195177 0.980768 -0
    outer loop
      vertex 2.79317 -2.00227 1.325
      vertex 2.74699 -1.99308 2.9
      vertex 2.79317 -2.00227 2.9
    endloop
  endfacet
  facet normal 0.195177 0.980768 0
    outer loop
      vertex 2.74699 -1.99308 2.9
      vertex 2.79317 -2.00227 1.325
      vertex 2.74699 -1.99308 1.325
    endloop
  endfacet
  facet normal 0.751879 0.659301 0
    outer loop
      vertex 2.98561 -2.13085 2.9
      vertex 2.95456 -2.09544 1.325
      vertex 2.95456 -2.09544 2.9
    endloop
  endfacet
  facet normal 0.751879 0.659301 0
    outer loop
      vertex 2.95456 -2.09544 1.325
      vertex 2.98561 -2.13085 2.9
      vertex 2.98561 -2.13085 1.325
    endloop
  endfacet
  facet normal -0.946971 0.32132 0
    outer loop
      vertex 2.35227 -2.25682 0.75
      vertex 2.3674 -2.21223 2.9
      vertex 2.3674 -2.21223 0.75
    endloop
  endfacet
  facet normal -0.946971 0.32132 0
    outer loop
      vertex 2.3674 -2.21223 2.9
      vertex 2.35227 -2.25682 0.75
      vertex 2.35227 -2.25682 2.9
    endloop
  endfacet
  facet normal -0.751879 -0.659301 0
    outer loop
      vertex 2.44544 -2.60456 1.325
      vertex 2.41439 -2.56915 2.9
      vertex 2.41439 -2.56915 1.325
    endloop
  endfacet
  facet normal -0.751879 -0.659301 0
    outer loop
      vertex 2.41439 -2.56915 2.9
      vertex 2.44544 -2.60456 1.325
      vertex 2.44544 -2.60456 2.9
    endloop
  endfacet
  facet normal -0.0654055 -0.997859 0
    outer loop
      vertex 2.65301 -2.70692 1.325
      vertex 2.7 -2.71 2.9
      vertex 2.65301 -2.70692 2.9
    endloop
  endfacet
  facet normal -0.0654055 -0.997859 -0
    outer loop
      vertex 2.7 -2.71 2.9
      vertex 2.65301 -2.70692 1.325
      vertex 2.7 -2.71 1.325
    endloop
  endfacet
  facet normal 0.831462 -0.555582 0
    outer loop
      vertex 2.98561 -2.56915 2.9
      vertex 3.01177 -2.53 1.325
      vertex 3.01177 -2.53 2.9
    endloop
  endfacet
  facet normal 0.831462 -0.555582 0
    outer loop
      vertex 3.01177 -2.53 1.325
      vertex 2.98561 -2.56915 2.9
      vertex 2.98561 -2.56915 1.325
    endloop
  endfacet
  facet normal -0.442365 0.896835 0
    outer loop
      vertex 2.56223 -2.0174 0.75
      vertex 2.52 -2.03823 2.9
      vertex 2.56223 -2.0174 2.9
    endloop
  endfacet
  facet normal -0.442365 0.896835 0
    outer loop
      vertex 2.52 -2.03823 2.9
      vertex 2.56223 -2.0174 0.75
      vertex 2.52 -2.03823 0.75
    endloop
  endfacet
  facet normal 0.321256 0.946993 -0
    outer loop
      vertex 2.83777 -2.0174 1.325
      vertex 2.79317 -2.00227 2.9
      vertex 2.83777 -2.0174 2.9
    endloop
  endfacet
  facet normal 0.321256 0.946993 0
    outer loop
      vertex 2.79317 -2.00227 2.9
      vertex 2.83777 -2.0174 1.325
      vertex 2.79317 -2.00227 1.325
    endloop
  endfacet
  facet normal 0 0 1
    outer loop
      vertex 3.05692 -2.30301 2.9
      vertex 3.05692 -2.39699 2.9
      vertex 3.06 -2.35 2.9
    endloop
  endfacet
  facet normal 0 0 1
    outer loop
      vertex 3.04773 -2.25682 2.9
      vertex 3.05692 -2.39699 2.9
      vertex 3.05692 -2.30301 2.9
    endloop
  endfacet
  facet normal 0 0 1
    outer loop
      vertex 3.04773 -2.25682 2.9
      vertex 3.04773 -2.44317 2.9
      vertex 3.05692 -2.39699 2.9
    endloop
  endfacet
  facet normal 0 0 1
    outer loop
      vertex 3.0326 -2.21223 2.9
      vertex 3.04773 -2.44317 2.9
      vertex 3.04773 -2.25682 2.9
    endloop
  endfacet
  facet normal 0 0 1
    outer loop
      vertex 3.0326 -2.21223 2.9
      vertex 3.0326 -2.48777 2.9
      vertex 3.04773 -2.44317 2.9
    endloop
  endfacet
  facet normal 0 0 1
    outer loop
      vertex 3.01177 -2.17 2.9
      vertex 3.0326 -2.48777 2.9
      vertex 3.0326 -2.21223 2.9
    endloop
  endfacet
  facet normal 0 0 1
    outer loop
      vertex 3.01177 -2.17 2.9
      vertex 3.01177 -2.53 2.9
      vertex 3.0326 -2.48777 2.9
    endloop
  endfacet
  facet normal 0 0 1
    outer loop
      vertex 2.98561 -2.13085 2.9
      vertex 3.01177 -2.53 2.9
      vertex 3.01177 -2.17 2.9
    endloop
  endfacet
  facet normal 0 0 1
    outer loop
      vertex 2.98561 -2.13085 2.9
      vertex 2.98561 -2.56915 2.9
      vertex 3.01177 -2.53 2.9
    endloop
  endfacet
  facet normal 0 0 1
    outer loop
      vertex 2.95456 -2.09544 2.9
      vertex 2.98561 -2.56915 2.9
      vertex 2.98561 -2.13085 2.9
    endloop
  endfacet
  facet normal 0 0 1
    outer loop
      vertex 2.95456 -2.09544 2.9
      vertex 2.95456 -2.60456 2.9
      vertex 2.98561 -2.56915 2.9
    endloop
  endfacet
  facet normal 0 0 1
    outer loop
      vertex 2.91915 -2.06439 2.9
      vertex 2.95456 -2.60456 2.9
      vertex 2.95456 -2.09544 2.9
    endloop
  endfacet
  facet normal 0 0 1
    outer loop
      vertex 2.91915 -2.06439 2.9
      vertex 2.91915 -2.63561 2.9
      vertex 2.95456 -2.60456 2.9
    endloop
  endfacet
  facet normal 0 0 1
    outer loop
      vertex 2.88 -2.03823 2.9
      vertex 2.91915 -2.63561 2.9
      vertex 2.91915 -2.06439 2.9
    endloop
  endfacet
  facet normal 0 0 1
    outer loop
      vertex 2.88 -2.03823 2.9
      vertex 2.88 -2.66177 2.9
      vertex 2.91915 -2.63561 2.9
    endloop
  endfacet
  facet normal 0 0 1
    outer loop
      vertex 2.83777 -2.0174 2.9
      vertex 2.88 -2.66177 2.9
      vertex 2.88 -2.03823 2.9
    endloop
  endfacet
  facet normal 0 0 1
    outer loop
      vertex 2.83777 -2.0174 2.9
      vertex 2.83777 -2.6826 2.9
      vertex 2.88 -2.66177 2.9
    endloop
  endfacet
  facet normal 0 0 1
    outer loop
      vertex 2.79317 -2.00227 2.9
      vertex 2.83777 -2.6826 2.9
      vertex 2.83777 -2.0174 2.9
    endloop
  endfacet
  facet normal 0 0 1
    outer loop
      vertex 2.79317 -2.00227 2.9
      vertex 2.79317 -2.69773 2.9
      vertex 2.83777 -2.6826 2.9
    endloop
  endfacet
  facet normal 0 0 1
    outer loop
      vertex 2.74699 -1.99308 2.9
      vertex 2.79317 -2.69773 2.9
      vertex 2.79317 -2.00227 2.9
    endloop
  endfacet
  facet normal 0 0 1
    outer loop
      vertex 2.74699 -1.99308 2.9
      vertex 2.74699 -2.70692 2.9
      vertex 2.79317 -2.69773 2.9
    endloop
  endfacet
  facet normal 0 0 1
    outer loop
      vertex 2.7 -1.99 2.9
      vertex 2.74699 -2.70692 2.9
      vertex 2.74699 -1.99308 2.9
    endloop
  endfacet
  facet normal 0 0 1
    outer loop
      vertex 2.7 -1.99 2.9
      vertex 2.7 -2.71 2.9
      vertex 2.74699 -2.70692 2.9
    endloop
  endfacet
  facet normal -0 0 1
    outer loop
      vertex 2.65301 -1.99308 2.9
      vertex 2.7 -2.71 2.9
      vertex 2.7 -1.99 2.9
    endloop
  endfacet
  facet normal 0 0 1
    outer loop
      vertex 2.65301 -1.99308 2.9
      vertex 2.65301 -2.70692 2.9
      vertex 2.7 -2.71 2.9
    endloop
  endfacet
  facet normal -0 0 1
    outer loop
      vertex 2.60682 -2.00227 2.9
      vertex 2.65301 -2.70692 2.9
      vertex 2.65301 -1.99308 2.9
    endloop
  endfacet
  facet normal 0 0 1
    outer loop
      vertex 2.60682 -2.00227 2.9
      vertex 2.60682 -2.69773 2.9
      vertex 2.65301 -2.70692 2.9
    endloop
  endfacet
  facet normal -0 0 1
    outer loop
      vertex 2.56223 -2.0174 2.9
      vertex 2.60682 -2.69773 2.9
      vertex 2.60682 -2.00227 2.9
    endloop
  endfacet
  facet normal 0 0 1
    outer loop
      vertex 2.56223 -2.0174 2.9
      vertex 2.56223 -2.6826 2.9
      vertex 2.60682 -2.69773 2.9
    endloop
  endfacet
  facet normal -0 0 1
    outer loop
      vertex 2.52 -2.03823 2.9
      vertex 2.56223 -2.6826 2.9
      vertex 2.56223 -2.0174 2.9
    endloop
  endfacet
  facet normal 0 0 1
    outer loop
      vertex 2.52 -2.03823 2.9
      vertex 2.52 -2.66177 2.9
      vertex 2.56223 -2.6826 2.9
    endloop
  endfacet
  facet normal -0 0 1
    outer loop
      vertex 2.48085 -2.06439 2.9
      vertex 2.52 -2.66177 2.9
      vertex 2.52 -2.03823 2.9
    endloop
  endfacet
  facet normal 0 0 1
    outer loop
      vertex 2.48085 -2.06439 2.9
      vertex 2.48085 -2.63561 2.9
      vertex 2.52 -2.66177 2.9
    endloop
  endfacet
  facet normal -0 0 1
    outer loop
      vertex 2.44544 -2.09544 2.9
      vertex 2.48085 -2.63561 2.9
      vertex 2.48085 -2.06439 2.9
    endloop
  endfacet
  facet normal 0 0 1
    outer loop
      vertex 2.44544 -2.09544 2.9
      vertex 2.44544 -2.60456 2.9
      vertex 2.48085 -2.63561 2.9
    endloop
  endfacet
  facet normal -0 0 1
    outer loop
      vertex 2.41439 -2.13085 2.9
      vertex 2.44544 -2.60456 2.9
      vertex 2.44544 -2.09544 2.9
    endloop
  endfacet
  facet normal 0 0 1
    outer loop
      vertex 2.41439 -2.13085 2.9
      vertex 2.41439 -2.56915 2.9
      vertex 2.44544 -2.60456 2.9
    endloop
  endfacet
  facet normal -0 0 1
    outer loop
      vertex 2.38823 -2.17 2.9
      vertex 2.41439 -2.56915 2.9
      vertex 2.41439 -2.13085 2.9
    endloop
  endfacet
  facet normal 0 0 1
    outer loop
      vertex 2.38823 -2.17 2.9
      vertex 2.38823 -2.53 2.9
      vertex 2.41439 -2.56915 2.9
    endloop
  endfacet
  facet normal -0 0 1
    outer loop
      vertex 2.3674 -2.21223 2.9
      vertex 2.38823 -2.53 2.9
      vertex 2.38823 -2.17 2.9
    endloop
  endfacet
  facet normal 0 0 1
    outer loop
      vertex 2.3674 -2.21223 2.9
      vertex 2.3674 -2.48777 2.9
      vertex 2.38823 -2.53 2.9
    endloop
  endfacet
  facet normal -0 0 1
    outer loop
      vertex 2.35227 -2.25682 2.9
      vertex 2.3674 -2.48777 2.9
      vertex 2.3674 -2.21223 2.9
    endloop
  endfacet
  facet normal 0 0 1
    outer loop
      vertex 2.35227 -2.25682 2.9
      vertex 2.35227 -2.44317 2.9
      vertex 2.3674 -2.48777 2.9
    endloop
  endfacet
  facet normal -0 0 1
    outer loop
      vertex 2.34308 -2.30301 2.9
      vertex 2.35227 -2.44317 2.9
      vertex 2.35227 -2.25682 2.9
    endloop
  endfacet
  facet normal 0 0 1
    outer loop
      vertex 2.34308 -2.30301 2.9
      vertex 2.34308 -2.39699 2.9
      vertex 2.35227 -2.44317 2.9
    endloop
  endfacet
  facet normal 0 -0 1
    outer loop
      vertex 2.34308 -2.39699 2.9
      vertex 2.34308 -2.30301 2.9
      vertex 2.34 -2.35 2.9
    endloop
  endfacet
  facet normal -0.32132 0.946971 0
    outer loop
      vertex 2.60682 -2.00227 0.75
      vertex 2.56223 -2.0174 2.9
      vertex 2.60682 -2.00227 2.9
    endloop
  endfacet
  facet normal -0.32132 0.946971 0
    outer loop
      vertex 2.56223 -2.0174 2.9
      vertex 2.60682 -2.00227 0.75
      vertex 2.56223 -2.0174 0.75
    endloop
  endfacet
  facet normal -0.442365 -0.896835 0
    outer loop
      vertex 2.52 -2.66177 1.325
      vertex 2.56223 -2.6826 2.9
      vertex 2.52 -2.66177 2.9
    endloop
  endfacet
  facet normal -0.442365 -0.896835 -0
    outer loop
      vertex 2.56223 -2.6826 2.9
      vertex 2.52 -2.66177 1.325
      vertex 2.56223 -2.6826 1.325
    endloop
  endfacet
  facet normal -0.659301 0.751879 0
    outer loop
      vertex 2.48085 -2.06439 0.75
      vertex 2.44544 -2.09544 2.9
      vertex 2.48085 -2.06439 2.9
    endloop
  endfacet
  facet normal -0.659301 0.751879 0
    outer loop
      vertex 2.44544 -2.09544 2.9
      vertex 2.48085 -2.06439 0.75
      vertex 2.44544 -2.09544 0.75
    endloop
  endfacet
  facet normal -0.997859 0.0654055 0
    outer loop
      vertex 2.34 -2.35 0.75
      vertex 2.34308 -2.30301 2.9
      vertex 2.34308 -2.30301 0.75
    endloop
  endfacet
  facet normal -0.997859 0.0654055 0
    outer loop
      vertex 2.34308 -2.30301 2.9
      vertex 2.34 -2.35 0.75
      vertex 2.34 -2.35 2.9
    endloop
  endfacet
  facet normal -0.0654055 0.997859 0
    outer loop
      vertex 2.7 -1.99 0.75
      vertex 2.65301 -1.99308 2.9
      vertex 2.7 -1.99 2.9
    endloop
  endfacet
  facet normal -0.0654055 0.997859 0
    outer loop
      vertex 2.65301 -1.99308 2.9
      vertex 2.7 -1.99 0.75
      vertex 2.65301 -1.99308 0.75
    endloop
  endfacet
  facet normal 0.659301 0.751879 -0
    outer loop
      vertex 2.95456 -2.09544 1.325
      vertex 2.91915 -2.06439 2.9
      vertex 2.95456 -2.09544 2.9
    endloop
  endfacet
  facet normal 0.659301 0.751879 0
    outer loop
      vertex 2.91915 -2.06439 2.9
      vertex 2.95456 -2.09544 1.325
      vertex 2.91915 -2.06439 1.325
    endloop
  endfacet
  facet normal -0.831462 0.555582 0
    outer loop
      vertex 2.38823 -2.17 0.75
      vertex 2.41439 -2.13085 2.9
      vertex 2.41439 -2.13085 0.75
    endloop
  endfacet
  facet normal -0.831462 0.555582 0
    outer loop
      vertex 2.41439 -2.13085 2.9
      vertex 2.38823 -2.17 0.75
      vertex 2.38823 -2.17 2.9
    endloop
  endfacet
  facet normal -0.555582 -0.831462 0
    outer loop
      vertex 2.48085 -2.63561 1.325
      vertex 2.52 -2.66177 2.9
      vertex 2.48085 -2.63561 2.9
    endloop
  endfacet
  facet normal -0.555582 -0.831462 -0
    outer loop
      vertex 2.52 -2.66177 2.9
      vertex 2.48085 -2.63561 1.325
      vertex 2.52 -2.66177 1.325
    endloop
  endfacet
  facet normal 0.659301 -0.751879 0
    outer loop
      vertex 2.91915 -2.63561 1.325
      vertex 2.95456 -2.60456 2.9
      vertex 2.91915 -2.63561 2.9
    endloop
  endfacet
  facet normal 0.659301 -0.751879 0
    outer loop
      vertex 2.95456 -2.60456 2.9
      vertex 2.91915 -2.63561 1.325
      vertex 2.95456 -2.60456 1.325
    endloop
  endfacet
  facet normal -0.980768 -0.195177 0
    outer loop
      vertex 2.35227 -2.44317 1.325
      vertex 2.34308 -2.39699 2.9
      vertex 2.34308 -2.39699 1.325
    endloop
  endfacet
  facet normal -0.980768 -0.195177 0
    outer loop
      vertex 2.34308 -2.39699 2.9
      vertex 2.35227 -2.44317 1.325
      vertex 2.35227 -2.44317 2.9
    endloop
  endfacet
  facet normal -0.659301 -0.751879 0
    outer loop
      vertex 2.44544 -2.60456 1.325
      vertex 2.48085 -2.63561 2.9
      vertex 2.44544 -2.60456 2.9
    endloop
  endfacet
  facet normal -0.659301 -0.751879 -0
    outer loop
      vertex 2.48085 -2.63561 2.9
      vertex 2.44544 -2.60456 1.325
      vertex 2.48085 -2.63561 1.325
    endloop
  endfacet
  facet normal -0.896835 0.442365 0
    outer loop
      vertex 2.3674 -2.21223 0.75
      vertex 2.38823 -2.17 2.9
      vertex 2.38823 -2.17 0.75
    endloop
  endfacet
  facet normal -0.896835 0.442365 0
    outer loop
      vertex 2.38823 -2.17 2.9
      vertex 2.3674 -2.21223 0.75
      vertex 2.3674 -2.21223 2.9
    endloop
  endfacet
  facet normal -0.195136 -0.980776 0
    outer loop
      vertex 2.60682 -2.69773 1.325
      vertex 2.65301 -2.70692 2.9
      vertex 2.60682 -2.69773 2.9
    endloop
  endfacet
  facet normal -0.195136 -0.980776 -0
    outer loop
      vertex 2.65301 -2.70692 2.9
      vertex 2.60682 -2.69773 1.325
      vertex 2.65301 -2.70692 1.325
    endloop
  endfacet
  facet normal 0.195136 -0.980776 0
    outer loop
      vertex -2.65301 1.99308 0.75
      vertex -2.60682 2.00227 2.9
      vertex -2.65301 1.99308 2.9
    endloop
  endfacet
  facet normal 0.195136 -0.980776 0
    outer loop
      vertex -2.60682 2.00227 2.9
      vertex -2.65301 1.99308 0.75
      vertex -2.60682 2.00227 0.75
    endloop
  endfacet
  facet normal 0.980768 0.195177 0
    outer loop
      vertex -2.34308 2.39699 2.9
      vertex -2.35227 2.44317 1.325
      vertex -2.35227 2.44317 2.9
    endloop
  endfacet
  facet normal 0.980768 0.195177 0
    outer loop
      vertex -2.35227 2.44317 1.325
      vertex -2.34308 2.39699 2.9
      vertex -2.34308 2.39699 1.325
    endloop
  endfacet
  facet normal 0.997836 0.0657457 0
    outer loop
      vertex -2.34308 2.39699 2.9
      vertex -2.34229 2.385 1.325
      vertex -2.34308 2.39699 1.325
    endloop
  endfacet
  facet normal 0.997859 0.0654055 2.60085e-06
    outer loop
      vertex -2.34 2.35 2.9
      vertex -2.34229 2.385 1.325
      vertex -2.34308 2.39699 2.9
    endloop
  endfacet
  facet normal 0.997866 0.065289 -0
    outer loop
      vertex -2.34 2.35 0.75
      vertex -2.34229 2.385 1.325
      vertex -2.34 2.35 2.9
    endloop
  endfacet
  facet normal 0.997866 0.065289 0
    outer loop
      vertex -2.34229 2.385 1.325
      vertex -2.34 2.35 0.75
      vertex -2.34229 2.385 0.75
    endloop
  endfacet
  facet normal -0.321256 0.946993 0
    outer loop
      vertex -2.79317 2.69773 1.325
      vertex -2.83777 2.6826 2.9
      vertex -2.79317 2.69773 2.9
    endloop
  endfacet
  facet normal -0.321256 0.946993 0
    outer loop
      vertex -2.83777 2.6826 2.9
      vertex -2.79317 2.69773 1.325
      vertex -2.83777 2.6826 1.325
    endloop
  endfacet
  facet normal 0.442365 -0.896835 0
    outer loop
      vertex -2.56223 2.0174 0.75
      vertex -2.52 2.03823 2.9
      vertex -2.56223 2.0174 2.9
    endloop
  endfacet
  facet normal 0.442365 -0.896835 0
    outer loop
      vertex -2.52 2.03823 2.9
      vertex -2.56223 2.0174 0.75
      vertex -2.52 2.03823 0.75
    endloop
  endfacet
  facet normal 0.831462 0.555582 0
    outer loop
      vertex -2.38823 2.53 2.9
      vertex -2.41439 2.56915 1.325
      vertex -2.41439 2.56915 2.9
    endloop
  endfacet
  facet normal 0.831462 0.555582 0
    outer loop
      vertex -2.41439 2.56915 1.325
      vertex -2.38823 2.53 2.9
      vertex -2.38823 2.53 1.325
    endloop
  endfacet
  facet normal -0.659301 -0.751879 0
    outer loop
      vertex -2.95456 2.09544 1.325
      vertex -2.91915 2.06439 2.9
      vertex -2.95456 2.09544 2.9
    endloop
  endfacet
  facet normal -0.659301 -0.751879 -0
    outer loop
      vertex -2.91915 2.06439 2.9
      vertex -2.95456 2.09544 1.325
      vertex -2.91915 2.06439 1.325
    endloop
  endfacet
  facet normal -0.442365 -0.896835 0
    outer loop
      vertex -2.88 2.03823 1.325
      vertex -2.83777 2.0174 2.9
      vertex -2.88 2.03823 2.9
    endloop
  endfacet
  facet normal -0.442365 -0.896835 -0
    outer loop
      vertex -2.83777 2.0174 2.9
      vertex -2.88 2.03823 1.325
      vertex -2.83777 2.0174 1.325
    endloop
  endfacet
  facet normal 0.751879 -0.659301 0
    outer loop
      vertex -2.44544 2.09544 2.9
      vertex -2.41439 2.13085 0.75
      vertex -2.41439 2.13085 2.9
    endloop
  endfacet
  facet normal 0.751879 -0.659301 0
    outer loop
      vertex -2.41439 2.13085 0.75
      vertex -2.44544 2.09544 2.9
      vertex -2.44544 2.09544 0.75
    endloop
  endfacet
  facet normal 0.659301 0.751879 -0
    outer loop
      vertex -2.44544 2.60456 1.325
      vertex -2.48085 2.63561 2.9
      vertex -2.44544 2.60456 2.9
    endloop
  endfacet
  facet normal 0.659301 0.751879 0
    outer loop
      vertex -2.48085 2.63561 2.9
      vertex -2.44544 2.60456 1.325
      vertex -2.48085 2.63561 1.325
    endloop
  endfacet
  facet normal -0.980776 -0.195136 0
    outer loop
      vertex -3.04773 2.25682 1.325
      vertex -3.05692 2.30301 2.9
      vertex -3.05692 2.30301 1.325
    endloop
  endfacet
  facet normal -0.980776 -0.195136 0
    outer loop
      vertex -3.05692 2.30301 2.9
      vertex -3.04773 2.25682 1.325
      vertex -3.04773 2.25682 2.9
    endloop
  endfacet
  facet normal -0.0657457 -0.997836 0
    outer loop
      vertex -2.735 1.99229 1.325
      vertex -2.74699 1.99308 2.9
      vertex -2.74699 1.99308 1.325
    endloop
  endfacet
  facet normal -0.0654055 -0.997859 2.60085e-06
    outer loop
      vertex -2.74699 1.99308 2.9
      vertex -2.735 1.99229 1.325
      vertex -2.7 1.99 2.9
    endloop
  endfacet
  facet normal -0.065289 -0.997866 0
    outer loop
      vertex -2.7 1.99 0.75
      vertex -2.735 1.99229 1.325
      vertex -2.735 1.99229 0.75
    endloop
  endfacet
  facet normal -0.065289 -0.997866 0
    outer loop
      vertex -2.735 1.99229 1.325
      vertex -2.7 1.99 0.75
      vertex -2.7 1.99 2.9
    endloop
  endfacet
  facet normal 0.946971 -0.32132 0
    outer loop
      vertex -2.3674 2.21223 2.9
      vertex -2.35227 2.25682 0.75
      vertex -2.35227 2.25682 2.9
    endloop
  endfacet
  facet normal 0.946971 -0.32132 0
    outer loop
      vertex -2.35227 2.25682 0.75
      vertex -2.3674 2.21223 2.9
      vertex -2.3674 2.21223 0.75
    endloop
  endfacet
  facet normal -0.946993 0.321256 0
    outer loop
      vertex -3.04773 2.44317 1.325
      vertex -3.0326 2.48777 2.9
      vertex -3.0326 2.48777 1.325
    endloop
  endfacet
  facet normal -0.946993 0.321256 0
    outer loop
      vertex -3.0326 2.48777 2.9
      vertex -3.04773 2.44317 1.325
      vertex -3.04773 2.44317 2.9
    endloop
  endfacet
  facet normal 0.831462 -0.555582 0
    outer loop
      vertex -2.41439 2.13085 2.9
      vertex -2.38823 2.17 0.75
      vertex -2.38823 2.17 2.9
    endloop
  endfacet
  facet normal 0.831462 -0.555582 0
    outer loop
      vertex -2.38823 2.17 0.75
      vertex -2.41439 2.13085 2.9
      vertex -2.41439 2.13085 0.75
    endloop
  endfacet
  facet normal 0.32132 0.946971 -0
    outer loop
      vertex -2.56223 2.6826 1.325
      vertex -2.60682 2.69773 2.9
      vertex -2.56223 2.6826 2.9
    endloop
  endfacet
  facet normal 0.32132 0.946971 0
    outer loop
      vertex -2.60682 2.69773 2.9
      vertex -2.56223 2.6826 1.325
      vertex -2.60682 2.69773 1.325
    endloop
  endfacet
  facet normal -0.980768 0.195177 0
    outer loop
      vertex -3.05692 2.39699 1.325
      vertex -3.04773 2.44317 2.9
      vertex -3.04773 2.44317 1.325
    endloop
  endfacet
  facet normal -0.980768 0.195177 0
    outer loop
      vertex -3.04773 2.44317 2.9
      vertex -3.05692 2.39699 1.325
      vertex -3.05692 2.39699 2.9
    endloop
  endfacet
  facet normal 0.195136 0.980776 -0
    outer loop
      vertex -2.60682 2.69773 1.325
      vertex -2.65301 2.70692 2.9
      vertex -2.60682 2.69773 2.9
    endloop
  endfacet
  facet normal 0.195136 0.980776 0
    outer loop
      vertex -2.65301 2.70692 2.9
      vertex -2.60682 2.69773 1.325
      vertex -2.65301 2.70692 1.325
    endloop
  endfacet
  facet normal -0.896835 -0.442365 0
    outer loop
      vertex -3.01177 2.17 1.325
      vertex -3.0326 2.21223 2.9
      vertex -3.0326 2.21223 1.325
    endloop
  endfacet
  facet normal -0.896835 -0.442365 0
    outer loop
      vertex -3.0326 2.21223 2.9
      vertex -3.01177 2.17 1.325
      vertex -3.01177 2.17 2.9
    endloop
  endfacet
  facet normal -0.321256 -0.946993 0
    outer loop
      vertex -2.83777 2.0174 1.325
      vertex -2.79317 2.00227 2.9
      vertex -2.83777 2.0174 2.9
    endloop
  endfacet
  facet normal -0.321256 -0.946993 -0
    outer loop
      vertex -2.79317 2.00227 2.9
      vertex -2.83777 2.0174 1.325
      vertex -2.79317 2.00227 1.325
    endloop
  endfacet
  facet normal 0.997859 -0.0654055 0
    outer loop
      vertex -2.34308 2.30301 2.9
      vertex -2.34 2.35 0.75
      vertex -2.34 2.35 2.9
    endloop
  endfacet
  facet normal 0.997859 -0.0654055 0
    outer loop
      vertex -2.34 2.35 0.75
      vertex -2.34308 2.30301 2.9
      vertex -2.34308 2.30301 0.75
    endloop
  endfacet
  facet normal 0.442365 0.896835 -0
    outer loop
      vertex -2.52 2.66177 1.325
      vertex -2.56223 2.6826 2.9
      vertex -2.52 2.66177 2.9
    endloop
  endfacet
  facet normal 0.442365 0.896835 0
    outer loop
      vertex -2.56223 2.6826 2.9
      vertex -2.52 2.66177 1.325
      vertex -2.56223 2.6826 1.325
    endloop
  endfacet
  facet normal -0.555582 0.831462 0
    outer loop
      vertex -2.88 2.66177 1.325
      vertex -2.91915 2.63561 2.9
      vertex -2.88 2.66177 2.9
    endloop
  endfacet
  facet normal -0.555582 0.831462 0
    outer loop
      vertex -2.91915 2.63561 2.9
      vertex -2.88 2.66177 1.325
      vertex -2.91915 2.63561 1.325
    endloop
  endfacet
  facet normal -0.751879 0.659301 0
    outer loop
      vertex -2.98561 2.56915 1.325
      vertex -2.95456 2.60456 2.9
      vertex -2.95456 2.60456 1.325
    endloop
  endfacet
  facet normal -0.751879 0.659301 0
    outer loop
      vertex -2.95456 2.60456 2.9
      vertex -2.98561 2.56915 1.325
      vertex -2.98561 2.56915 2.9
    endloop
  endfacet
  facet normal 0.751879 0.659301 0
    outer loop
      vertex -2.41439 2.56915 2.9
      vertex -2.44544 2.60456 1.325
      vertex -2.44544 2.60456 2.9
    endloop
  endfacet
  facet normal 0.751879 0.659301 0
    outer loop
      vertex -2.44544 2.60456 1.325
      vertex -2.41439 2.56915 2.9
      vertex -2.41439 2.56915 1.325
    endloop
  endfacet
  facet normal -0.946971 -0.32132 0
    outer loop
      vertex -3.0326 2.21223 1.325
      vertex -3.04773 2.25682 2.9
      vertex -3.04773 2.25682 1.325
    endloop
  endfacet
  facet normal -0.946971 -0.32132 0
    outer loop
      vertex -3.04773 2.25682 2.9
      vertex -3.0326 2.21223 1.325
      vertex -3.0326 2.21223 2.9
    endloop
  endfacet
  facet normal 0.555582 0.831462 -0
    outer loop
      vertex -2.48085 2.63561 1.325
      vertex -2.52 2.66177 2.9
      vertex -2.48085 2.63561 2.9
    endloop
  endfacet
  facet normal 0.555582 0.831462 0
    outer loop
      vertex -2.52 2.66177 2.9
      vertex -2.48085 2.63561 1.325
      vertex -2.52 2.66177 1.325
    endloop
  endfacet
  facet normal 0 0 1
    outer loop
      vertex -2.34308 2.39699 2.9
      vertex -2.34308 2.30301 2.9
      vertex -2.34 2.35 2.9
    endloop
  endfacet
  facet normal 0 0 1
    outer loop
      vertex -2.35227 2.44317 2.9
      vertex -2.34308 2.30301 2.9
      vertex -2.34308 2.39699 2.9
    endloop
  endfacet
  facet normal 0 0 1
    outer loop
      vertex -2.35227 2.44317 2.9
      vertex -2.35227 2.25682 2.9
      vertex -2.34308 2.30301 2.9
    endloop
  endfacet
  facet normal 0 0 1
    outer loop
      vertex -2.3674 2.48777 2.9
      vertex -2.35227 2.25682 2.9
      vertex -2.35227 2.44317 2.9
    endloop
  endfacet
  facet normal 0 0 1
    outer loop
      vertex -2.3674 2.48777 2.9
      vertex -2.3674 2.21223 2.9
      vertex -2.35227 2.25682 2.9
    endloop
  endfacet
  facet normal 0 0 1
    outer loop
      vertex -2.38823 2.53 2.9
      vertex -2.3674 2.21223 2.9
      vertex -2.3674 2.48777 2.9
    endloop
  endfacet
  facet normal 0 0 1
    outer loop
      vertex -2.38823 2.53 2.9
      vertex -2.38823 2.17 2.9
      vertex -2.3674 2.21223 2.9
    endloop
  endfacet
  facet normal 0 0 1
    outer loop
      vertex -2.41439 2.56915 2.9
      vertex -2.38823 2.17 2.9
      vertex -2.38823 2.53 2.9
    endloop
  endfacet
  facet normal 0 0 1
    outer loop
      vertex -2.41439 2.56915 2.9
      vertex -2.41439 2.13085 2.9
      vertex -2.38823 2.17 2.9
    endloop
  endfacet
  facet normal 0 0 1
    outer loop
      vertex -2.44544 2.60456 2.9
      vertex -2.41439 2.13085 2.9
      vertex -2.41439 2.56915 2.9
    endloop
  endfacet
  facet normal 0 0 1
    outer loop
      vertex -2.44544 2.60456 2.9
      vertex -2.44544 2.09544 2.9
      vertex -2.41439 2.13085 2.9
    endloop
  endfacet
  facet normal 0 0 1
    outer loop
      vertex -2.48085 2.63561 2.9
      vertex -2.44544 2.09544 2.9
      vertex -2.44544 2.60456 2.9
    endloop
  endfacet
  facet normal 0 0 1
    outer loop
      vertex -2.48085 2.63561 2.9
      vertex -2.48085 2.06439 2.9
      vertex -2.44544 2.09544 2.9
    endloop
  endfacet
  facet normal 0 0 1
    outer loop
      vertex -2.52 2.66177 2.9
      vertex -2.48085 2.06439 2.9
      vertex -2.48085 2.63561 2.9
    endloop
  endfacet
  facet normal 0 0 1
    outer loop
      vertex -2.52 2.66177 2.9
      vertex -2.52 2.03823 2.9
      vertex -2.48085 2.06439 2.9
    endloop
  endfacet
  facet normal 0 0 1
    outer loop
      vertex -2.56223 2.6826 2.9
      vertex -2.52 2.03823 2.9
      vertex -2.52 2.66177 2.9
    endloop
  endfacet
  facet normal 0 0 1
    outer loop
      vertex -2.56223 2.6826 2.9
      vertex -2.56223 2.0174 2.9
      vertex -2.52 2.03823 2.9
    endloop
  endfacet
  facet normal 0 0 1
    outer loop
      vertex -2.60682 2.69773 2.9
      vertex -2.56223 2.0174 2.9
      vertex -2.56223 2.6826 2.9
    endloop
  endfacet
  facet normal 0 0 1
    outer loop
      vertex -2.60682 2.69773 2.9
      vertex -2.60682 2.00227 2.9
      vertex -2.56223 2.0174 2.9
    endloop
  endfacet
  facet normal 0 0 1
    outer loop
      vertex -2.65301 2.70692 2.9
      vertex -2.60682 2.00227 2.9
      vertex -2.60682 2.69773 2.9
    endloop
  endfacet
  facet normal 0 0 1
    outer loop
      vertex -2.65301 2.70692 2.9
      vertex -2.65301 1.99308 2.9
      vertex -2.60682 2.00227 2.9
    endloop
  endfacet
  facet normal 0 0 1
    outer loop
      vertex -2.7 2.71 2.9
      vertex -2.65301 1.99308 2.9
      vertex -2.65301 2.70692 2.9
    endloop
  endfacet
  facet normal 0 0 1
    outer loop
      vertex -2.7 2.71 2.9
      vertex -2.7 1.99 2.9
      vertex -2.65301 1.99308 2.9
    endloop
  endfacet
  facet normal -0 0 1
    outer loop
      vertex -2.74699 2.70692 2.9
      vertex -2.7 1.99 2.9
      vertex -2.7 2.71 2.9
    endloop
  endfacet
  facet normal 0 0 1
    outer loop
      vertex -2.74699 2.70692 2.9
      vertex -2.74699 1.99308 2.9
      vertex -2.7 1.99 2.9
    endloop
  endfacet
  facet normal -0 0 1
    outer loop
      vertex -2.79317 2.69773 2.9
      vertex -2.74699 1.99308 2.9
      vertex -2.74699 2.70692 2.9
    endloop
  endfacet
  facet normal 0 0 1
    outer loop
      vertex -2.79317 2.69773 2.9
      vertex -2.79317 2.00227 2.9
      vertex -2.74699 1.99308 2.9
    endloop
  endfacet
  facet normal -0 0 1
    outer loop
      vertex -2.83777 2.6826 2.9
      vertex -2.79317 2.00227 2.9
      vertex -2.79317 2.69773 2.9
    endloop
  endfacet
  facet normal 0 0 1
    outer loop
      vertex -2.83777 2.6826 2.9
      vertex -2.83777 2.0174 2.9
      vertex -2.79317 2.00227 2.9
    endloop
  endfacet
  facet normal -0 0 1
    outer loop
      vertex -2.88 2.66177 2.9
      vertex -2.83777 2.0174 2.9
      vertex -2.83777 2.6826 2.9
    endloop
  endfacet
  facet normal 0 0 1
    outer loop
      vertex -2.88 2.66177 2.9
      vertex -2.88 2.03823 2.9
      vertex -2.83777 2.0174 2.9
    endloop
  endfacet
  facet normal -0 0 1
    outer loop
      vertex -2.91915 2.63561 2.9
      vertex -2.88 2.03823 2.9
      vertex -2.88 2.66177 2.9
    endloop
  endfacet
  facet normal 0 0 1
    outer loop
      vertex -2.91915 2.63561 2.9
      vertex -2.91915 2.06439 2.9
      vertex -2.88 2.03823 2.9
    endloop
  endfacet
  facet normal -0 0 1
    outer loop
      vertex -2.95456 2.60456 2.9
      vertex -2.91915 2.06439 2.9
      vertex -2.91915 2.63561 2.9
    endloop
  endfacet
  facet normal 0 0 1
    outer loop
      vertex -2.95456 2.60456 2.9
      vertex -2.95456 2.09544 2.9
      vertex -2.91915 2.06439 2.9
    endloop
  endfacet
  facet normal -0 0 1
    outer loop
      vertex -2.98561 2.56915 2.9
      vertex -2.95456 2.09544 2.9
      vertex -2.95456 2.60456 2.9
    endloop
  endfacet
  facet normal 0 0 1
    outer loop
      vertex -2.98561 2.56915 2.9
      vertex -2.98561 2.13085 2.9
      vertex -2.95456 2.09544 2.9
    endloop
  endfacet
  facet normal -0 0 1
    outer loop
      vertex -3.01177 2.53 2.9
      vertex -2.98561 2.13085 2.9
      vertex -2.98561 2.56915 2.9
    endloop
  endfacet
  facet normal 0 0 1
    outer loop
      vertex -3.01177 2.53 2.9
      vertex -3.01177 2.17 2.9
      vertex -2.98561 2.13085 2.9
    endloop
  endfacet
  facet normal -0 0 1
    outer loop
      vertex -3.0326 2.48777 2.9
      vertex -3.01177 2.17 2.9
      vertex -3.01177 2.53 2.9
    endloop
  endfacet
  facet normal 0 0 1
    outer loop
      vertex -3.0326 2.48777 2.9
      vertex -3.0326 2.21223 2.9
      vertex -3.01177 2.17 2.9
    endloop
  endfacet
  facet normal -0 0 1
    outer loop
      vertex -3.04773 2.44317 2.9
      vertex -3.0326 2.21223 2.9
      vertex -3.0326 2.48777 2.9
    endloop
  endfacet
  facet normal 0 0 1
    outer loop
      vertex -3.04773 2.44317 2.9
      vertex -3.04773 2.25682 2.9
      vertex -3.0326 2.21223 2.9
    endloop
  endfacet
  facet normal -0 0 1
    outer loop
      vertex -3.05692 2.39699 2.9
      vertex -3.04773 2.25682 2.9
      vertex -3.04773 2.44317 2.9
    endloop
  endfacet
  facet normal 0 0 1
    outer loop
      vertex -3.05692 2.39699 2.9
      vertex -3.05692 2.30301 2.9
      vertex -3.04773 2.25682 2.9
    endloop
  endfacet
  facet normal 0 -0 1
    outer loop
      vertex -3.05692 2.30301 2.9
      vertex -3.05692 2.39699 2.9
      vertex -3.06 2.35 2.9
    endloop
  endfacet
  facet normal -0.195177 0.980768 0
    outer loop
      vertex -2.74699 2.70692 1.325
      vertex -2.79317 2.69773 2.9
      vertex -2.74699 2.70692 2.9
    endloop
  endfacet
  facet normal -0.195177 0.980768 0
    outer loop
      vertex -2.79317 2.69773 2.9
      vertex -2.74699 2.70692 1.325
      vertex -2.79317 2.69773 1.325
    endloop
  endfacet
  facet normal 0.896835 0.442365 0
    outer loop
      vertex -2.3674 2.48777 2.9
      vertex -2.38823 2.53 1.325
      vertex -2.38823 2.53 2.9
    endloop
  endfacet
  facet normal 0.896835 0.442365 0
    outer loop
      vertex -2.38823 2.53 1.325
      vertex -2.3674 2.48777 2.9
      vertex -2.3674 2.48777 1.325
    endloop
  endfacet
  facet normal -0.831462 -0.555582 0
    outer loop
      vertex -2.98561 2.13085 1.325
      vertex -3.01177 2.17 2.9
      vertex -3.01177 2.17 1.325
    endloop
  endfacet
  facet normal -0.831462 -0.555582 0
    outer loop
      vertex -3.01177 2.17 2.9
      vertex -2.98561 2.13085 1.325
      vertex -2.98561 2.13085 2.9
    endloop
  endfacet
  facet normal 0.980776 -0.195136 0
    outer loop
      vertex -2.35227 2.25682 2.9
      vertex -2.34308 2.30301 0.75
      vertex -2.34308 2.30301 2.9
    endloop
  endfacet
  facet normal 0.980776 -0.195136 0
    outer loop
      vertex -2.34308 2.30301 0.75
      vertex -2.35227 2.25682 2.9
      vertex -2.35227 2.25682 0.75
    endloop
  endfacet
  facet normal 0.896835 -0.442365 0
    outer loop
      vertex -2.38823 2.17 2.9
      vertex -2.3674 2.21223 0.75
      vertex -2.3674 2.21223 2.9
    endloop
  endfacet
  facet normal 0.896835 -0.442365 0
    outer loop
      vertex -2.3674 2.21223 0.75
      vertex -2.38823 2.17 2.9
      vertex -2.38823 2.17 0.75
    endloop
  endfacet
  facet normal 0.555582 -0.831462 0
    outer loop
      vertex -2.52 2.03823 0.75
      vertex -2.48085 2.06439 2.9
      vertex -2.52 2.03823 2.9
    endloop
  endfacet
  facet normal 0.555582 -0.831462 0
    outer loop
      vertex -2.48085 2.06439 2.9
      vertex -2.52 2.03823 0.75
      vertex -2.48085 2.06439 0.75
    endloop
  endfacet
  facet normal 0.32132 -0.946971 0
    outer loop
      vertex -2.60682 2.00227 0.75
      vertex -2.56223 2.0174 2.9
      vertex -2.60682 2.00227 2.9
    endloop
  endfacet
  facet normal 0.32132 -0.946971 0
    outer loop
      vertex -2.56223 2.0174 2.9
      vertex -2.60682 2.00227 0.75
      vertex -2.56223 2.0174 0.75
    endloop
  endfacet
  facet normal 0 0 -1
    outer loop
      vertex -2.735 2.385 0.75
      vertex -2.34 2.35 0.75
      vertex -2.34308 2.30301 0.75
    endloop
  endfacet
  facet normal 0 0 -1
    outer loop
      vertex -2.735 2.385 0.75
      vertex -2.34308 2.30301 0.75
      vertex -2.35227 2.25682 0.75
    endloop
  endfacet
  facet normal 0 0 -1
    outer loop
      vertex -2.735 2.385 0.75
      vertex -2.35227 2.25682 0.75
      vertex -2.3674 2.21223 0.75
    endloop
  endfacet
  facet normal 0 0 -1
    outer loop
      vertex -2.735 2.385 0.75
      vertex -2.3674 2.21223 0.75
      vertex -2.38823 2.17 0.75
    endloop
  endfacet
  facet normal 0 0 -1
    outer loop
      vertex -2.735 2.385 0.75
      vertex -2.38823 2.17 0.75
      vertex -2.41439 2.13085 0.75
    endloop
  endfacet
  facet normal 0 0 -1
    outer loop
      vertex -2.735 2.385 0.75
      vertex -2.41439 2.13085 0.75
      vertex -2.44544 2.09544 0.75
    endloop
  endfacet
  facet normal 0 0 -1
    outer loop
      vertex -2.735 2.385 0.75
      vertex -2.44544 2.09544 0.75
      vertex -2.48085 2.06439 0.75
    endloop
  endfacet
  facet normal 0 0 -1
    outer loop
      vertex -2.735 2.385 0.75
      vertex -2.48085 2.06439 0.75
      vertex -2.52 2.03823 0.75
    endloop
  endfacet
  facet normal 0 0 -1
    outer loop
      vertex -2.735 2.385 0.75
      vertex -2.52 2.03823 0.75
      vertex -2.56223 2.0174 0.75
    endloop
  endfacet
  facet normal 0 0 -1
    outer loop
      vertex -2.735 2.385 0.75
      vertex -2.56223 2.0174 0.75
      vertex -2.60682 2.00227 0.75
    endloop
  endfacet
  facet normal 0 0 -1
    outer loop
      vertex -2.735 2.385 0.75
      vertex -2.60682 2.00227 0.75
      vertex -2.65301 1.99308 0.75
    endloop
  endfacet
  facet normal 0 0 -1
    outer loop
      vertex -2.735 2.385 0.75
      vertex -2.65301 1.99308 0.75
      vertex -2.7 1.99 0.75
    endloop
  endfacet
  facet normal 0 0 -1
    outer loop
      vertex -2.735 2.385 0.75
      vertex -2.7 1.99 0.75
      vertex -2.735 1.99229 0.75
    endloop
  endfacet
  facet normal 0 0 -1
    outer loop
      vertex -2.34 2.35 0.75
      vertex -2.735 2.385 0.75
      vertex -2.34229 2.385 0.75
    endloop
  endfacet
  facet normal 0.0654055 -0.997859 0
    outer loop
      vertex -2.7 1.99 0.75
      vertex -2.65301 1.99308 2.9
      vertex -2.7 1.99 2.9
    endloop
  endfacet
  facet normal 0.0654055 -0.997859 0
    outer loop
      vertex -2.65301 1.99308 2.9
      vertex -2.7 1.99 0.75
      vertex -2.65301 1.99308 0.75
    endloop
  endfacet
  facet normal 0.946993 0.321256 0
    outer loop
      vertex -2.35227 2.44317 2.9
      vertex -2.3674 2.48777 1.325
      vertex -2.3674 2.48777 2.9
    endloop
  endfacet
  facet normal 0.946993 0.321256 0
    outer loop
      vertex -2.3674 2.48777 1.325
      vertex -2.35227 2.44317 2.9
      vertex -2.35227 2.44317 1.325
    endloop
  endfacet
  facet normal -0.0654055 0.997859 0
    outer loop
      vertex -2.7 2.71 1.325
      vertex -2.74699 2.70692 2.9
      vertex -2.7 2.71 2.9
    endloop
  endfacet
  facet normal -0.0654055 0.997859 0
    outer loop
      vertex -2.74699 2.70692 2.9
      vertex -2.7 2.71 1.325
      vertex -2.74699 2.70692 1.325
    endloop
  endfacet
  facet normal -0.442365 0.896835 0
    outer loop
      vertex -2.83777 2.6826 1.325
      vertex -2.88 2.66177 2.9
      vertex -2.83777 2.6826 2.9
    endloop
  endfacet
  facet normal -0.442365 0.896835 0
    outer loop
      vertex -2.88 2.66177 2.9
      vertex -2.83777 2.6826 1.325
      vertex -2.88 2.66177 1.325
    endloop
  endfacet
  facet normal -0.751879 -0.659301 0
    outer loop
      vertex -2.95456 2.09544 1.325
      vertex -2.98561 2.13085 2.9
      vertex -2.98561 2.13085 1.325
    endloop
  endfacet
  facet normal -0.751879 -0.659301 0
    outer loop
      vertex -2.98561 2.13085 2.9
      vertex -2.95456 2.09544 1.325
      vertex -2.95456 2.09544 2.9
    endloop
  endfacet
  facet normal 0.0654055 0.997859 -0
    outer loop
      vertex -2.65301 2.70692 1.325
      vertex -2.7 2.71 2.9
      vertex -2.65301 2.70692 2.9
    endloop
  endfacet
  facet normal 0.0654055 0.997859 0
    outer loop
      vertex -2.7 2.71 2.9
      vertex -2.65301 2.70692 1.325
      vertex -2.7 2.71 1.325
    endloop
  endfacet
  facet normal -0.997859 0.0654055 0
    outer loop
      vertex -3.06 2.35 1.325
      vertex -3.05692 2.39699 2.9
      vertex -3.05692 2.39699 1.325
    endloop
  endfacet
  facet normal -0.997859 0.0654055 0
    outer loop
      vertex -3.05692 2.39699 2.9
      vertex -3.06 2.35 1.325
      vertex -3.06 2.35 2.9
    endloop
  endfacet
  facet normal -0.896835 0.442365 0
    outer loop
      vertex -3.0326 2.48777 1.325
      vertex -3.01177 2.53 2.9
      vertex -3.01177 2.53 1.325
    endloop
  endfacet
  facet normal -0.896835 0.442365 0
    outer loop
      vertex -3.01177 2.53 2.9
      vertex -3.0326 2.48777 1.325
      vertex -3.0326 2.48777 2.9
    endloop
  endfacet
  facet normal -0.831462 0.555582 0
    outer loop
      vertex -3.01177 2.53 1.325
      vertex -2.98561 2.56915 2.9
      vertex -2.98561 2.56915 1.325
    endloop
  endfacet
  facet normal -0.831462 0.555582 0
    outer loop
      vertex -2.98561 2.56915 2.9
      vertex -3.01177 2.53 1.325
      vertex -3.01177 2.53 2.9
    endloop
  endfacet
  facet normal -0.195177 -0.980768 0
    outer loop
      vertex -2.79317 2.00227 1.325
      vertex -2.74699 1.99308 2.9
      vertex -2.79317 2.00227 2.9
    endloop
  endfacet
  facet normal -0.195177 -0.980768 -0
    outer loop
      vertex -2.74699 1.99308 2.9
      vertex -2.79317 2.00227 1.325
      vertex -2.74699 1.99308 1.325
    endloop
  endfacet
  facet normal -0.555582 -0.831462 0
    outer loop
      vertex -2.91915 2.06439 1.325
      vertex -2.88 2.03823 2.9
      vertex -2.91915 2.06439 2.9
    endloop
  endfacet
  facet normal -0.555582 -0.831462 -0
    outer loop
      vertex -2.88 2.03823 2.9
      vertex -2.91915 2.06439 1.325
      vertex -2.88 2.03823 1.325
    endloop
  endfacet
  facet normal -0.997859 -0.0654055 0
    outer loop
      vertex -3.05692 2.30301 1.325
      vertex -3.06 2.35 2.9
      vertex -3.06 2.35 1.325
    endloop
  endfacet
  facet normal -0.997859 -0.0654055 0
    outer loop
      vertex -3.06 2.35 2.9
      vertex -3.05692 2.30301 1.325
      vertex -3.05692 2.30301 2.9
    endloop
  endfacet
  facet normal -0.659301 0.751879 0
    outer loop
      vertex -2.91915 2.63561 1.325
      vertex -2.95456 2.60456 2.9
      vertex -2.91915 2.63561 2.9
    endloop
  endfacet
  facet normal -0.659301 0.751879 0
    outer loop
      vertex -2.95456 2.60456 2.9
      vertex -2.91915 2.63561 1.325
      vertex -2.95456 2.60456 1.325
    endloop
  endfacet
  facet normal 0.659301 -0.751879 0
    outer loop
      vertex -2.48085 2.06439 0.75
      vertex -2.44544 2.09544 2.9
      vertex -2.48085 2.06439 2.9
    endloop
  endfacet
  facet normal 0.659301 -0.751879 0
    outer loop
      vertex -2.44544 2.09544 2.9
      vertex -2.48085 2.06439 0.75
      vertex -2.44544 2.09544 0.75
    endloop
  endfacet
  facet normal 0.195136 -0.980776 0
    outer loop
      vertex -2.65301 -2.70692 1.325
      vertex -2.60682 -2.69773 2.9
      vertex -2.65301 -2.70692 2.9
    endloop
  endfacet
  facet normal 0.195136 -0.980776 0
    outer loop
      vertex -2.60682 -2.69773 2.9
      vertex -2.65301 -2.70692 1.325
      vertex -2.60682 -2.69773 1.325
    endloop
  endfacet
  facet normal 0.980776 0.195136 0
    outer loop
      vertex -2.34308 -2.30301 2.9
      vertex -2.35227 -2.25682 0.75
      vertex -2.35227 -2.25682 2.9
    endloop
  endfacet
  facet normal 0.980776 0.195136 0
    outer loop
      vertex -2.35227 -2.25682 0.75
      vertex -2.34308 -2.30301 2.9
      vertex -2.34308 -2.30301 0.75
    endloop
  endfacet
  facet normal 0.997859 0.0654055 0
    outer loop
      vertex -2.34 -2.35 2.9
      vertex -2.34308 -2.30301 0.75
      vertex -2.34308 -2.30301 2.9
    endloop
  endfacet
  facet normal 0.997859 0.0654055 0
    outer loop
      vertex -2.34308 -2.30301 0.75
      vertex -2.34 -2.35 2.9
      vertex -2.34 -2.35 0.75
    endloop
  endfacet
  facet normal -0.321256 0.946993 0
    outer loop
      vertex -2.79317 -2.00227 1.325
      vertex -2.83777 -2.0174 2.9
      vertex -2.79317 -2.00227 2.9
    endloop
  endfacet
  facet normal -0.321256 0.946993 0
    outer loop
      vertex -2.83777 -2.0174 2.9
      vertex -2.79317 -2.00227 1.325
      vertex -2.83777 -2.0174 1.325
    endloop
  endfacet
  facet normal 0.442365 -0.896835 0
    outer loop
      vertex -2.56223 -2.6826 1.325
      vertex -2.52 -2.66177 2.9
      vertex -2.56223 -2.6826 2.9
    endloop
  endfacet
  facet normal 0.442365 -0.896835 0
    outer loop
      vertex -2.52 -2.66177 2.9
      vertex -2.56223 -2.6826 1.325
      vertex -2.52 -2.66177 1.325
    endloop
  endfacet
  facet normal 0.831462 0.555582 0
    outer loop
      vertex -2.38823 -2.17 2.9
      vertex -2.41439 -2.13085 0.75
      vertex -2.41439 -2.13085 2.9
    endloop
  endfacet
  facet normal 0.831462 0.555582 0
    outer loop
      vertex -2.41439 -2.13085 0.75
      vertex -2.38823 -2.17 2.9
      vertex -2.38823 -2.17 0.75
    endloop
  endfacet
  facet normal -0.659301 -0.751879 0
    outer loop
      vertex -2.95456 -2.60456 1.325
      vertex -2.91915 -2.63561 2.9
      vertex -2.95456 -2.60456 2.9
    endloop
  endfacet
  facet normal -0.659301 -0.751879 -0
    outer loop
      vertex -2.91915 -2.63561 2.9
      vertex -2.95456 -2.60456 1.325
      vertex -2.91915 -2.63561 1.325
    endloop
  endfacet
  facet normal -0.442365 -0.896835 0
    outer loop
      vertex -2.88 -2.66177 1.325
      vertex -2.83777 -2.6826 2.9
      vertex -2.88 -2.66177 2.9
    endloop
  endfacet
  facet normal -0.442365 -0.896835 -0
    outer loop
      vertex -2.83777 -2.6826 2.9
      vertex -2.88 -2.66177 1.325
      vertex -2.83777 -2.6826 1.325
    endloop
  endfacet
  facet normal 0.751879 -0.659301 0
    outer loop
      vertex -2.44544 -2.60456 2.9
      vertex -2.41439 -2.56915 1.325
      vertex -2.41439 -2.56915 2.9
    endloop
  endfacet
  facet normal 0.751879 -0.659301 0
    outer loop
      vertex -2.41439 -2.56915 1.325
      vertex -2.44544 -2.60456 2.9
      vertex -2.44544 -2.60456 1.325
    endloop
  endfacet
  facet normal -0.195177 -0.980768 0
    outer loop
      vertex -2.79317 -2.69773 1.325
      vertex -2.74699 -2.70692 2.9
      vertex -2.79317 -2.69773 2.9
    endloop
  endfacet
  facet normal -0.195177 -0.980768 -0
    outer loop
      vertex -2.74699 -2.70692 2.9
      vertex -2.79317 -2.69773 1.325
      vertex -2.74699 -2.70692 1.325
    endloop
  endfacet
  facet normal 0.659301 0.751879 -0
    outer loop
      vertex -2.44544 -2.09544 0.75
      vertex -2.48085 -2.06439 2.9
      vertex -2.44544 -2.09544 2.9
    endloop
  endfacet
  facet normal 0.659301 0.751879 0
    outer loop
      vertex -2.48085 -2.06439 2.9
      vertex -2.44544 -2.09544 0.75
      vertex -2.48085 -2.06439 0.75
    endloop
  endfacet
  facet normal -0.980768 -0.195177 0
    outer loop
      vertex -3.04773 -2.44317 1.325
      vertex -3.05692 -2.39699 2.9
      vertex -3.05692 -2.39699 1.325
    endloop
  endfacet
  facet normal -0.980768 -0.195177 0
    outer loop
      vertex -3.05692 -2.39699 2.9
      vertex -3.04773 -2.44317 1.325
      vertex -3.04773 -2.44317 2.9
    endloop
  endfacet
  facet normal -0.0654055 -0.997859 0
    outer loop
      vertex -2.74699 -2.70692 1.325
      vertex -2.7 -2.71 2.9
      vertex -2.74699 -2.70692 2.9
    endloop
  endfacet
  facet normal -0.0654055 -0.997859 -0
    outer loop
      vertex -2.7 -2.71 2.9
      vertex -2.74699 -2.70692 1.325
      vertex -2.7 -2.71 1.325
    endloop
  endfacet
  facet normal 0.946993 -0.321256 0
    outer loop
      vertex -2.3674 -2.48777 2.9
      vertex -2.35227 -2.44317 1.325
      vertex -2.35227 -2.44317 2.9
    endloop
  endfacet
  facet normal 0.946993 -0.321256 0
    outer loop
      vertex -2.35227 -2.44317 1.325
      vertex -2.3674 -2.48777 2.9
      vertex -2.3674 -2.48777 1.325
    endloop
  endfacet
  facet normal -0.946971 0.32132 0
    outer loop
      vertex -3.04773 -2.25682 1.325
      vertex -3.0326 -2.21223 2.9
      vertex -3.0326 -2.21223 1.325
    endloop
  endfacet
  facet normal -0.946971 0.32132 0
    outer loop
      vertex -3.0326 -2.21223 2.9
      vertex -3.04773 -2.25682 1.325
      vertex -3.04773 -2.25682 2.9
    endloop
  endfacet
  facet normal 0.831462 -0.555582 0
    outer loop
      vertex -2.41439 -2.56915 2.9
      vertex -2.38823 -2.53 1.325
      vertex -2.38823 -2.53 2.9
    endloop
  endfacet
  facet normal 0.831462 -0.555582 0
    outer loop
      vertex -2.38823 -2.53 1.325
      vertex -2.41439 -2.56915 2.9
      vertex -2.41439 -2.56915 1.325
    endloop
  endfacet
  facet normal 0.32132 0.946971 -0
    outer loop
      vertex -2.56223 -2.0174 0.75
      vertex -2.60682 -2.00227 2.9
      vertex -2.56223 -2.0174 2.9
    endloop
  endfacet
  facet normal 0.32132 0.946971 0
    outer loop
      vertex -2.60682 -2.00227 2.9
      vertex -2.56223 -2.0174 0.75
      vertex -2.60682 -2.00227 0.75
    endloop
  endfacet
  facet normal -0.980776 0.195136 0
    outer loop
      vertex -3.05692 -2.30301 1.325
      vertex -3.04773 -2.25682 2.9
      vertex -3.04773 -2.25682 1.325
    endloop
  endfacet
  facet normal -0.980776 0.195136 0
    outer loop
      vertex -3.04773 -2.25682 2.9
      vertex -3.05692 -2.30301 1.325
      vertex -3.05692 -2.30301 2.9
    endloop
  endfacet
  facet normal 0.195136 0.980776 -0
    outer loop
      vertex -2.60682 -2.00227 0.75
      vertex -2.65301 -1.99308 2.9
      vertex -2.60682 -2.00227 2.9
    endloop
  endfacet
  facet normal 0.195136 0.980776 0
    outer loop
      vertex -2.65301 -1.99308 2.9
      vertex -2.60682 -2.00227 0.75
      vertex -2.65301 -1.99308 0.75
    endloop
  endfacet
  facet normal -0.896835 -0.442365 0
    outer loop
      vertex -3.01177 -2.53 1.325
      vertex -3.0326 -2.48777 2.9
      vertex -3.0326 -2.48777 1.325
    endloop
  endfacet
  facet normal -0.896835 -0.442365 0
    outer loop
      vertex -3.0326 -2.48777 2.9
      vertex -3.01177 -2.53 1.325
      vertex -3.01177 -2.53 2.9
    endloop
  endfacet
  facet normal -0.321256 -0.946993 0
    outer loop
      vertex -2.83777 -2.6826 1.325
      vertex -2.79317 -2.69773 2.9
      vertex -2.83777 -2.6826 2.9
    endloop
  endfacet
  facet normal -0.321256 -0.946993 -0
    outer loop
      vertex -2.79317 -2.69773 2.9
      vertex -2.83777 -2.6826 1.325
      vertex -2.79317 -2.69773 1.325
    endloop
  endfacet
  facet normal 0.997866 -0.065289 0
    outer loop
      vertex -2.34 -2.35 2.9
      vertex -2.34229 -2.385 1.325
      vertex -2.34 -2.35 0.75
    endloop
  endfacet
  facet normal 0.997859 -0.0654055 2.60085e-06
    outer loop
      vertex -2.34308 -2.39699 2.9
      vertex -2.34229 -2.385 1.325
      vertex -2.34 -2.35 2.9
    endloop
  endfacet
  facet normal 0.997836 -0.0657457 0
    outer loop
      vertex -2.34229 -2.385 1.325
      vertex -2.34308 -2.39699 2.9
      vertex -2.34308 -2.39699 1.325
    endloop
  endfacet
  facet normal 0.997866 -0.065289 0
    outer loop
      vertex -2.34 -2.35 0.75
      vertex -2.34229 -2.385 1.325
      vertex -2.34229 -2.385 0.75
    endloop
  endfacet
  facet normal 0.442365 0.896835 -0
    outer loop
      vertex -2.52 -2.03823 0.75
      vertex -2.56223 -2.0174 2.9
      vertex -2.52 -2.03823 2.9
    endloop
  endfacet
  facet normal 0.442365 0.896835 0
    outer loop
      vertex -2.56223 -2.0174 2.9
      vertex -2.52 -2.03823 0.75
      vertex -2.56223 -2.0174 0.75
    endloop
  endfacet
  facet normal 0.946971 0.32132 0
    outer loop
      vertex -2.35227 -2.25682 2.9
      vertex -2.3674 -2.21223 0.75
      vertex -2.3674 -2.21223 2.9
    endloop
  endfacet
  facet normal 0.946971 0.32132 0
    outer loop
      vertex -2.3674 -2.21223 0.75
      vertex -2.35227 -2.25682 2.9
      vertex -2.35227 -2.25682 0.75
    endloop
  endfacet
  facet normal -0.555582 0.831462 0
    outer loop
      vertex -2.88 -2.03823 1.325
      vertex -2.91915 -2.06439 2.9
      vertex -2.88 -2.03823 2.9
    endloop
  endfacet
  facet normal -0.555582 0.831462 0
    outer loop
      vertex -2.91915 -2.06439 2.9
      vertex -2.88 -2.03823 1.325
      vertex -2.91915 -2.06439 1.325
    endloop
  endfacet
  facet normal -0.751879 0.659301 0
    outer loop
      vertex -2.98561 -2.13085 1.325
      vertex -2.95456 -2.09544 2.9
      vertex -2.95456 -2.09544 1.325
    endloop
  endfacet
  facet normal -0.751879 0.659301 0
    outer loop
      vertex -2.95456 -2.09544 2.9
      vertex -2.98561 -2.13085 1.325
      vertex -2.98561 -2.13085 2.9
    endloop
  endfacet
  facet normal 0.751879 0.659301 0
    outer loop
      vertex -2.41439 -2.13085 2.9
      vertex -2.44544 -2.09544 0.75
      vertex -2.44544 -2.09544 2.9
    endloop
  endfacet
  facet normal 0.751879 0.659301 0
    outer loop
      vertex -2.44544 -2.09544 0.75
      vertex -2.41439 -2.13085 2.9
      vertex -2.41439 -2.13085 0.75
    endloop
  endfacet
  facet normal -0.946993 -0.321256 0
    outer loop
      vertex -3.0326 -2.48777 1.325
      vertex -3.04773 -2.44317 2.9
      vertex -3.04773 -2.44317 1.325
    endloop
  endfacet
  facet normal -0.946993 -0.321256 0
    outer loop
      vertex -3.04773 -2.44317 2.9
      vertex -3.0326 -2.48777 1.325
      vertex -3.0326 -2.48777 2.9
    endloop
  endfacet
  facet normal 0.555582 0.831462 -0
    outer loop
      vertex -2.48085 -2.06439 0.75
      vertex -2.52 -2.03823 2.9
      vertex -2.48085 -2.06439 2.9
    endloop
  endfacet
  facet normal 0.555582 0.831462 0
    outer loop
      vertex -2.52 -2.03823 2.9
      vertex -2.48085 -2.06439 0.75
      vertex -2.52 -2.03823 0.75
    endloop
  endfacet
  facet normal 0 0 1
    outer loop
      vertex -2.34308 -2.30301 2.9
      vertex -2.34308 -2.39699 2.9
      vertex -2.34 -2.35 2.9
    endloop
  endfacet
  facet normal 0 0 1
    outer loop
      vertex -2.35227 -2.25682 2.9
      vertex -2.34308 -2.39699 2.9
      vertex -2.34308 -2.30301 2.9
    endloop
  endfacet
  facet normal 0 0 1
    outer loop
      vertex -2.35227 -2.25682 2.9
      vertex -2.35227 -2.44317 2.9
      vertex -2.34308 -2.39699 2.9
    endloop
  endfacet
  facet normal 0 0 1
    outer loop
      vertex -2.3674 -2.21223 2.9
      vertex -2.35227 -2.44317 2.9
      vertex -2.35227 -2.25682 2.9
    endloop
  endfacet
  facet normal 0 0 1
    outer loop
      vertex -2.3674 -2.21223 2.9
      vertex -2.3674 -2.48777 2.9
      vertex -2.35227 -2.44317 2.9
    endloop
  endfacet
  facet normal 0 0 1
    outer loop
      vertex -2.38823 -2.17 2.9
      vertex -2.3674 -2.48777 2.9
      vertex -2.3674 -2.21223 2.9
    endloop
  endfacet
  facet normal 0 0 1
    outer loop
      vertex -2.38823 -2.17 2.9
      vertex -2.38823 -2.53 2.9
      vertex -2.3674 -2.48777 2.9
    endloop
  endfacet
  facet normal 0 0 1
    outer loop
      vertex -2.41439 -2.13085 2.9
      vertex -2.38823 -2.53 2.9
      vertex -2.38823 -2.17 2.9
    endloop
  endfacet
  facet normal 0 0 1
    outer loop
      vertex -2.41439 -2.13085 2.9
      vertex -2.41439 -2.56915 2.9
      vertex -2.38823 -2.53 2.9
    endloop
  endfacet
  facet normal 0 0 1
    outer loop
      vertex -2.44544 -2.09544 2.9
      vertex -2.41439 -2.56915 2.9
      vertex -2.41439 -2.13085 2.9
    endloop
  endfacet
  facet normal 0 0 1
    outer loop
      vertex -2.44544 -2.09544 2.9
      vertex -2.44544 -2.60456 2.9
      vertex -2.41439 -2.56915 2.9
    endloop
  endfacet
  facet normal 0 0 1
    outer loop
      vertex -2.48085 -2.06439 2.9
      vertex -2.44544 -2.60456 2.9
      vertex -2.44544 -2.09544 2.9
    endloop
  endfacet
  facet normal 0 0 1
    outer loop
      vertex -2.48085 -2.06439 2.9
      vertex -2.48085 -2.63561 2.9
      vertex -2.44544 -2.60456 2.9
    endloop
  endfacet
  facet normal 0 0 1
    outer loop
      vertex -2.52 -2.03823 2.9
      vertex -2.48085 -2.63561 2.9
      vertex -2.48085 -2.06439 2.9
    endloop
  endfacet
  facet normal 0 0 1
    outer loop
      vertex -2.52 -2.03823 2.9
      vertex -2.52 -2.66177 2.9
      vertex -2.48085 -2.63561 2.9
    endloop
  endfacet
  facet normal 0 0 1
    outer loop
      vertex -2.56223 -2.0174 2.9
      vertex -2.52 -2.66177 2.9
      vertex -2.52 -2.03823 2.9
    endloop
  endfacet
  facet normal 0 0 1
    outer loop
      vertex -2.56223 -2.0174 2.9
      vertex -2.56223 -2.6826 2.9
      vertex -2.52 -2.66177 2.9
    endloop
  endfacet
  facet normal 0 0 1
    outer loop
      vertex -2.60682 -2.00227 2.9
      vertex -2.56223 -2.6826 2.9
      vertex -2.56223 -2.0174 2.9
    endloop
  endfacet
  facet normal 0 0 1
    outer loop
      vertex -2.60682 -2.00227 2.9
      vertex -2.60682 -2.69773 2.9
      vertex -2.56223 -2.6826 2.9
    endloop
  endfacet
  facet normal 0 0 1
    outer loop
      vertex -2.65301 -1.99308 2.9
      vertex -2.60682 -2.69773 2.9
      vertex -2.60682 -2.00227 2.9
    endloop
  endfacet
  facet normal 0 0 1
    outer loop
      vertex -2.65301 -1.99308 2.9
      vertex -2.65301 -2.70692 2.9
      vertex -2.60682 -2.69773 2.9
    endloop
  endfacet
  facet normal 0 0 1
    outer loop
      vertex -2.7 -1.99 2.9
      vertex -2.65301 -2.70692 2.9
      vertex -2.65301 -1.99308 2.9
    endloop
  endfacet
  facet normal 0 0 1
    outer loop
      vertex -2.7 -1.99 2.9
      vertex -2.7 -2.71 2.9
      vertex -2.65301 -2.70692 2.9
    endloop
  endfacet
  facet normal -0 0 1
    outer loop
      vertex -2.74699 -1.99308 2.9
      vertex -2.7 -2.71 2.9
      vertex -2.7 -1.99 2.9
    endloop
  endfacet
  facet normal 0 0 1
    outer loop
      vertex -2.74699 -1.99308 2.9
      vertex -2.74699 -2.70692 2.9
      vertex -2.7 -2.71 2.9
    endloop
  endfacet
  facet normal -0 0 1
    outer loop
      vertex -2.79317 -2.00227 2.9
      vertex -2.74699 -2.70692 2.9
      vertex -2.74699 -1.99308 2.9
    endloop
  endfacet
  facet normal 0 0 1
    outer loop
      vertex -2.79317 -2.00227 2.9
      vertex -2.79317 -2.69773 2.9
      vertex -2.74699 -2.70692 2.9
    endloop
  endfacet
  facet normal -0 0 1
    outer loop
      vertex -2.83777 -2.0174 2.9
      vertex -2.79317 -2.69773 2.9
      vertex -2.79317 -2.00227 2.9
    endloop
  endfacet
  facet normal 0 0 1
    outer loop
      vertex -2.83777 -2.0174 2.9
      vertex -2.83777 -2.6826 2.9
      vertex -2.79317 -2.69773 2.9
    endloop
  endfacet
  facet normal -0 0 1
    outer loop
      vertex -2.88 -2.03823 2.9
      vertex -2.83777 -2.6826 2.9
      vertex -2.83777 -2.0174 2.9
    endloop
  endfacet
  facet normal 0 0 1
    outer loop
      vertex -2.88 -2.03823 2.9
      vertex -2.88 -2.66177 2.9
      vertex -2.83777 -2.6826 2.9
    endloop
  endfacet
  facet normal -0 0 1
    outer loop
      vertex -2.91915 -2.06439 2.9
      vertex -2.88 -2.66177 2.9
      vertex -2.88 -2.03823 2.9
    endloop
  endfacet
  facet normal 0 0 1
    outer loop
      vertex -2.91915 -2.06439 2.9
      vertex -2.91915 -2.63561 2.9
      vertex -2.88 -2.66177 2.9
    endloop
  endfacet
  facet normal -0 0 1
    outer loop
      vertex -2.95456 -2.09544 2.9
      vertex -2.91915 -2.63561 2.9
      vertex -2.91915 -2.06439 2.9
    endloop
  endfacet
  facet normal 0 0 1
    outer loop
      vertex -2.95456 -2.09544 2.9
      vertex -2.95456 -2.60456 2.9
      vertex -2.91915 -2.63561 2.9
    endloop
  endfacet
  facet normal -0 0 1
    outer loop
      vertex -2.98561 -2.13085 2.9
      vertex -2.95456 -2.60456 2.9
      vertex -2.95456 -2.09544 2.9
    endloop
  endfacet
  facet normal 0 0 1
    outer loop
      vertex -2.98561 -2.13085 2.9
      vertex -2.98561 -2.56915 2.9
      vertex -2.95456 -2.60456 2.9
    endloop
  endfacet
  facet normal -0 0 1
    outer loop
      vertex -3.01177 -2.17 2.9
      vertex -2.98561 -2.56915 2.9
      vertex -2.98561 -2.13085 2.9
    endloop
  endfacet
  facet normal 0 0 1
    outer loop
      vertex -3.01177 -2.17 2.9
      vertex -3.01177 -2.53 2.9
      vertex -2.98561 -2.56915 2.9
    endloop
  endfacet
  facet normal -0 0 1
    outer loop
      vertex -3.0326 -2.21223 2.9
      vertex -3.01177 -2.53 2.9
      vertex -3.01177 -2.17 2.9
    endloop
  endfacet
  facet normal 0 0 1
    outer loop
      vertex -3.0326 -2.21223 2.9
      vertex -3.0326 -2.48777 2.9
      vertex -3.01177 -2.53 2.9
    endloop
  endfacet
  facet normal -0 0 1
    outer loop
      vertex -3.04773 -2.25682 2.9
      vertex -3.0326 -2.48777 2.9
      vertex -3.0326 -2.21223 2.9
    endloop
  endfacet
  facet normal 0 0 1
    outer loop
      vertex -3.04773 -2.25682 2.9
      vertex -3.04773 -2.44317 2.9
      vertex -3.0326 -2.48777 2.9
    endloop
  endfacet
  facet normal -0 0 1
    outer loop
      vertex -3.05692 -2.30301 2.9
      vertex -3.04773 -2.44317 2.9
      vertex -3.04773 -2.25682 2.9
    endloop
  endfacet
  facet normal 0 0 1
    outer loop
      vertex -3.05692 -2.30301 2.9
      vertex -3.05692 -2.39699 2.9
      vertex -3.04773 -2.44317 2.9
    endloop
  endfacet
  facet normal 0 -0 1
    outer loop
      vertex -3.05692 -2.39699 2.9
      vertex -3.05692 -2.30301 2.9
      vertex -3.06 -2.35 2.9
    endloop
  endfacet
  facet normal -0.195177 0.980768 0
    outer loop
      vertex -2.74699 -1.99308 1.325
      vertex -2.79317 -2.00227 2.9
      vertex -2.74699 -1.99308 2.9
    endloop
  endfacet
  facet normal -0.195177 0.980768 0
    outer loop
      vertex -2.79317 -2.00227 2.9
      vertex -2.74699 -1.99308 1.325
      vertex -2.79317 -2.00227 1.325
    endloop
  endfacet
  facet normal 0.896835 0.442365 0
    outer loop
      vertex -2.3674 -2.21223 2.9
      vertex -2.38823 -2.17 0.75
      vertex -2.38823 -2.17 2.9
    endloop
  endfacet
  facet normal 0.896835 0.442365 0
    outer loop
      vertex -2.38823 -2.17 0.75
      vertex -2.3674 -2.21223 2.9
      vertex -2.3674 -2.21223 0.75
    endloop
  endfacet
  facet normal -0.831462 -0.555582 0
    outer loop
      vertex -2.98561 -2.56915 1.325
      vertex -3.01177 -2.53 2.9
      vertex -3.01177 -2.53 1.325
    endloop
  endfacet
  facet normal -0.831462 -0.555582 0
    outer loop
      vertex -3.01177 -2.53 2.9
      vertex -2.98561 -2.56915 1.325
      vertex -2.98561 -2.56915 2.9
    endloop
  endfacet
  facet normal 0.980768 -0.195177 0
    outer loop
      vertex -2.35227 -2.44317 2.9
      vertex -2.34308 -2.39699 1.325
      vertex -2.34308 -2.39699 2.9
    endloop
  endfacet
  facet normal 0.980768 -0.195177 0
    outer loop
      vertex -2.34308 -2.39699 1.325
      vertex -2.35227 -2.44317 2.9
      vertex -2.35227 -2.44317 1.325
    endloop
  endfacet
  facet normal 0.896835 -0.442365 0
    outer loop
      vertex -2.38823 -2.53 2.9
      vertex -2.3674 -2.48777 1.325
      vertex -2.3674 -2.48777 2.9
    endloop
  endfacet
  facet normal 0.896835 -0.442365 0
    outer loop
      vertex -2.3674 -2.48777 1.325
      vertex -2.38823 -2.53 2.9
      vertex -2.38823 -2.53 1.325
    endloop
  endfacet
  facet normal 0.555582 -0.831462 0
    outer loop
      vertex -2.52 -2.66177 1.325
      vertex -2.48085 -2.63561 2.9
      vertex -2.52 -2.66177 2.9
    endloop
  endfacet
  facet normal 0.555582 -0.831462 0
    outer loop
      vertex -2.48085 -2.63561 2.9
      vertex -2.52 -2.66177 1.325
      vertex -2.48085 -2.63561 1.325
    endloop
  endfacet
  facet normal 0.32132 -0.946971 0
    outer loop
      vertex -2.60682 -2.69773 1.325
      vertex -2.56223 -2.6826 2.9
      vertex -2.60682 -2.69773 2.9
    endloop
  endfacet
  facet normal 0.32132 -0.946971 0
    outer loop
      vertex -2.56223 -2.6826 2.9
      vertex -2.60682 -2.69773 1.325
      vertex -2.56223 -2.6826 1.325
    endloop
  endfacet
  facet normal 0 0 -1
    outer loop
      vertex -2.735 -2.385 0.75
      vertex -2.34 -2.35 0.75
      vertex -2.34229 -2.385 0.75
    endloop
  endfacet
  facet normal -0 0 -1
    outer loop
      vertex -2.34 -2.35 0.75
      vertex -2.735 -2.385 0.75
      vertex -2.34308 -2.30301 0.75
    endloop
  endfacet
  facet normal -0 0 -1
    outer loop
      vertex -2.34308 -2.30301 0.75
      vertex -2.735 -2.385 0.75
      vertex -2.35227 -2.25682 0.75
    endloop
  endfacet
  facet normal -0 0 -1
    outer loop
      vertex -2.35227 -2.25682 0.75
      vertex -2.735 -2.385 0.75
      vertex -2.3674 -2.21223 0.75
    endloop
  endfacet
  facet normal -0 0 -1
    outer loop
      vertex -2.3674 -2.21223 0.75
      vertex -2.735 -2.385 0.75
      vertex -2.38823 -2.17 0.75
    endloop
  endfacet
  facet normal -0 0 -1
    outer loop
      vertex -2.38823 -2.17 0.75
      vertex -2.735 -2.385 0.75
      vertex -2.41439 -2.13085 0.75
    endloop
  endfacet
  facet normal -0 0 -1
    outer loop
      vertex -2.41439 -2.13085 0.75
      vertex -2.735 -2.385 0.75
      vertex -2.44544 -2.09544 0.75
    endloop
  endfacet
  facet normal -0 0 -1
    outer loop
      vertex -2.44544 -2.09544 0.75
      vertex -2.735 -2.385 0.75
      vertex -2.48085 -2.06439 0.75
    endloop
  endfacet
  facet normal -0 0 -1
    outer loop
      vertex -2.48085 -2.06439 0.75
      vertex -2.735 -2.385 0.75
      vertex -2.52 -2.03823 0.75
    endloop
  endfacet
  facet normal -0 0 -1
    outer loop
      vertex -2.52 -2.03823 0.75
      vertex -2.735 -2.385 0.75
      vertex -2.56223 -2.0174 0.75
    endloop
  endfacet
  facet normal -0 0 -1
    outer loop
      vertex -2.56223 -2.0174 0.75
      vertex -2.735 -2.385 0.75
      vertex -2.60682 -2.00227 0.75
    endloop
  endfacet
  facet normal -0 0 -1
    outer loop
      vertex -2.60682 -2.00227 0.75
      vertex -2.735 -2.385 0.75
      vertex -2.65301 -1.99308 0.75
    endloop
  endfacet
  facet normal -0 0 -1
    outer loop
      vertex -2.65301 -1.99308 0.75
      vertex -2.735 -2.385 0.75
      vertex -2.7 -1.99 0.75
    endloop
  endfacet
  facet normal 0 0 -1
    outer loop
      vertex -2.7 -1.99 0.75
      vertex -2.735 -2.385 0.75
      vertex -2.735 -1.99229 0.75
    endloop
  endfacet
  facet normal 0.0654055 -0.997859 0
    outer loop
      vertex -2.7 -2.71 1.325
      vertex -2.65301 -2.70692 2.9
      vertex -2.7 -2.71 2.9
    endloop
  endfacet
  facet normal 0.0654055 -0.997859 0
    outer loop
      vertex -2.65301 -2.70692 2.9
      vertex -2.7 -2.71 1.325
      vertex -2.65301 -2.70692 1.325
    endloop
  endfacet
  facet normal -0.0654055 0.997859 2.60085e-06
    outer loop
      vertex -2.7 -1.99 2.9
      vertex -2.735 -1.99229 1.325
      vertex -2.74699 -1.99308 2.9
    endloop
  endfacet
  facet normal -0.065289 0.997866 0
    outer loop
      vertex -2.7 -1.99 0.75
      vertex -2.735 -1.99229 1.325
      vertex -2.7 -1.99 2.9
    endloop
  endfacet
  facet normal -0.065289 0.997866 0
    outer loop
      vertex -2.735 -1.99229 1.325
      vertex -2.7 -1.99 0.75
      vertex -2.735 -1.99229 0.75
    endloop
  endfacet
  facet normal -0.0657457 0.997836 0
    outer loop
      vertex -2.74699 -1.99308 2.9
      vertex -2.735 -1.99229 1.325
      vertex -2.74699 -1.99308 1.325
    endloop
  endfacet
  facet normal -0.442365 0.896835 0
    outer loop
      vertex -2.83777 -2.0174 1.325
      vertex -2.88 -2.03823 2.9
      vertex -2.83777 -2.0174 2.9
    endloop
  endfacet
  facet normal -0.442365 0.896835 0
    outer loop
      vertex -2.88 -2.03823 2.9
      vertex -2.83777 -2.0174 1.325
      vertex -2.88 -2.03823 1.325
    endloop
  endfacet
  facet normal -0.751879 -0.659301 0
    outer loop
      vertex -2.95456 -2.60456 1.325
      vertex -2.98561 -2.56915 2.9
      vertex -2.98561 -2.56915 1.325
    endloop
  endfacet
  facet normal -0.751879 -0.659301 0
    outer loop
      vertex -2.98561 -2.56915 2.9
      vertex -2.95456 -2.60456 1.325
      vertex -2.95456 -2.60456 2.9
    endloop
  endfacet
  facet normal 0.0654055 0.997859 -0
    outer loop
      vertex -2.65301 -1.99308 0.75
      vertex -2.7 -1.99 2.9
      vertex -2.65301 -1.99308 2.9
    endloop
  endfacet
  facet normal 0.0654055 0.997859 0
    outer loop
      vertex -2.7 -1.99 2.9
      vertex -2.65301 -1.99308 0.75
      vertex -2.7 -1.99 0.75
    endloop
  endfacet
  facet normal -0.997859 0.0654055 0
    outer loop
      vertex -3.06 -2.35 1.325
      vertex -3.05692 -2.30301 2.9
      vertex -3.05692 -2.30301 1.325
    endloop
  endfacet
  facet normal -0.997859 0.0654055 0
    outer loop
      vertex -3.05692 -2.30301 2.9
      vertex -3.06 -2.35 1.325
      vertex -3.06 -2.35 2.9
    endloop
  endfacet
  facet normal -0.896835 0.442365 0
    outer loop
      vertex -3.0326 -2.21223 1.325
      vertex -3.01177 -2.17 2.9
      vertex -3.01177 -2.17 1.325
    endloop
  endfacet
  facet normal -0.896835 0.442365 0
    outer loop
      vertex -3.01177 -2.17 2.9
      vertex -3.0326 -2.21223 1.325
      vertex -3.0326 -2.21223 2.9
    endloop
  endfacet
  facet normal -0.831462 0.555582 0
    outer loop
      vertex -3.01177 -2.17 1.325
      vertex -2.98561 -2.13085 2.9
      vertex -2.98561 -2.13085 1.325
    endloop
  endfacet
  facet normal -0.831462 0.555582 0
    outer loop
      vertex -2.98561 -2.13085 2.9
      vertex -3.01177 -2.17 1.325
      vertex -3.01177 -2.17 2.9
    endloop
  endfacet
  facet normal -0.555582 -0.831462 0
    outer loop
      vertex -2.91915 -2.63561 1.325
      vertex -2.88 -2.66177 2.9
      vertex -2.91915 -2.63561 2.9
    endloop
  endfacet
  facet normal -0.555582 -0.831462 -0
    outer loop
      vertex -2.88 -2.66177 2.9
      vertex -2.91915 -2.63561 1.325
      vertex -2.88 -2.66177 1.325
    endloop
  endfacet
  facet normal -0.997859 -0.0654055 0
    outer loop
      vertex -3.05692 -2.39699 1.325
      vertex -3.06 -2.35 2.9
      vertex -3.06 -2.35 1.325
    endloop
  endfacet
  facet normal -0.997859 -0.0654055 0
    outer loop
      vertex -3.06 -2.35 2.9
      vertex -3.05692 -2.39699 1.325
      vertex -3.05692 -2.39699 2.9
    endloop
  endfacet
  facet normal -0.659301 0.751879 0
    outer loop
      vertex -2.91915 -2.06439 1.325
      vertex -2.95456 -2.09544 2.9
      vertex -2.91915 -2.06439 2.9
    endloop
  endfacet
  facet normal -0.659301 0.751879 0
    outer loop
      vertex -2.95456 -2.09544 2.9
      vertex -2.91915 -2.06439 1.325
      vertex -2.95456 -2.09544 1.325
    endloop
  endfacet
  facet normal 0.659301 -0.751879 0
    outer loop
      vertex -2.48085 -2.63561 1.325
      vertex -2.44544 -2.60456 2.9
      vertex -2.48085 -2.63561 2.9
    endloop
  endfacet
  facet normal 0.659301 -0.751879 0
    outer loop
      vertex -2.44544 -2.60456 2.9
      vertex -2.48085 -2.63561 1.325
      vertex -2.44544 -2.60456 1.325
    endloop
  endfacet
  facet normal 1 -0 0
    outer loop
      vertex 2.925 1.44 1.475
      vertex 2.925 1.86 1.325
      vertex 2.925 1.86 1.475
    endloop
  endfacet
  facet normal 1 0 0
    outer loop
      vertex 2.925 1.86 1.325
      vertex 2.925 1.44 1.475
      vertex 2.925 1.44 1.325
    endloop
  endfacet
  facet normal -1 0 0
    outer loop
      vertex -2.925 1.44 1.325
      vertex -2.925 1.86 1.475
      vertex -2.925 1.86 1.325
    endloop
  endfacet
  facet normal -1 -0 0
    outer loop
      vertex -2.925 1.86 1.475
      vertex -2.925 1.44 1.325
      vertex -2.925 1.44 1.475
    endloop
  endfacet
  facet normal -0.914478 0 0.404636
    outer loop
      vertex -2.925 1.86 1.475
      vertex -2.675 1.5 2.04
      vertex -2.675 1.8 2.04
    endloop
  endfacet
  facet normal -0.914478 0 0.404636
    outer loop
      vertex -2.675 1.5 2.04
      vertex -2.925 1.86 1.475
      vertex -2.925 1.44 1.475
    endloop
  endfacet
  facet normal 0 0 -1
    outer loop
      vertex -2.735 1.44 0.924999
      vertex 2.735 1.86 0.924999
      vertex 2.735 1.44 0.924999
    endloop
  endfacet
  facet normal -0 0 -1
    outer loop
      vertex 2.735 1.86 0.924999
      vertex -2.735 1.44 0.924999
      vertex -2.735 1.86 0.924999
    endloop
  endfacet
  facet normal 0 1 -0
    outer loop
      vertex 2.735 1.86 0.924999
      vertex -2.735 1.86 1.325
      vertex 2.735 1.86 1.325
    endloop
  endfacet
  facet normal 0 1 0
    outer loop
      vertex -2.735 1.86 1.325
      vertex 2.735 1.86 0.924999
      vertex -2.735 1.86 0.924999
    endloop
  endfacet
  facet normal 0 1 0
    outer loop
      vertex 2.735 1.86 1.325
      vertex 2.925 1.86 1.475
      vertex 2.925 1.86 1.325
    endloop
  endfacet
  facet normal 0 1 0
    outer loop
      vertex 2.925 1.86 1.475
      vertex 2.735 1.86 1.325
      vertex -2.925 1.86 1.475
    endloop
  endfacet
  facet normal 0 1 -0
    outer loop
      vertex -2.735 1.86 1.325
      vertex -2.925 1.86 1.475
      vertex 2.735 1.86 1.325
    endloop
  endfacet
  facet normal 0 1 0
    outer loop
      vertex -2.925 1.86 1.475
      vertex -2.735 1.86 1.325
      vertex -2.925 1.86 1.325
    endloop
  endfacet
  facet normal -0 0 1
    outer loop
      vertex -2.675 1.8 2.04
      vertex 2.675 1.5 2.04
      vertex 2.675 1.8 2.04
    endloop
  endfacet
  facet normal 0 0 1
    outer loop
      vertex 2.675 1.5 2.04
      vertex -2.675 1.8 2.04
      vertex -2.675 1.5 2.04
    endloop
  endfacet
  facet normal 0 -0.994409 0.105601
    outer loop
      vertex -2.925 1.44 1.475
      vertex 2.675 1.5 2.04
      vertex -2.675 1.5 2.04
    endloop
  endfacet
  facet normal 0 -0.994409 0.105601
    outer loop
      vertex 2.675 1.5 2.04
      vertex -2.925 1.44 1.475
      vertex 2.925 1.44 1.475
    endloop
  endfacet
  facet normal 0 -1 0
    outer loop
      vertex -2.735 1.44 0.924999
      vertex 2.735 1.44 1.325
      vertex -2.735 1.44 1.325
    endloop
  endfacet
  facet normal 0 -1 -0
    outer loop
      vertex 2.735 1.44 1.325
      vertex -2.735 1.44 0.924999
      vertex 2.735 1.44 0.924999
    endloop
  endfacet
  facet normal 0 -1 0
    outer loop
      vertex -2.735 1.44 1.325
      vertex -2.925 1.44 1.475
      vertex -2.925 1.44 1.325
    endloop
  endfacet
  facet normal 0 -1 0
    outer loop
      vertex -2.925 1.44 1.475
      vertex -2.735 1.44 1.325
      vertex 2.925 1.44 1.475
    endloop
  endfacet
  facet normal 0 -1 0
    outer loop
      vertex 2.735 1.44 1.325
      vertex 2.925 1.44 1.475
      vertex -2.735 1.44 1.325
    endloop
  endfacet
  facet normal 0 -1 -0
    outer loop
      vertex 2.925 1.44 1.475
      vertex 2.735 1.44 1.325
      vertex 2.925 1.44 1.325
    endloop
  endfacet
  facet normal 0 0.994409 0.105601
    outer loop
      vertex 2.925 1.86 1.475
      vertex -2.675 1.8 2.04
      vertex 2.675 1.8 2.04
    endloop
  endfacet
  facet normal 0 0.994409 0.105601
    outer loop
      vertex -2.675 1.8 2.04
      vertex 2.925 1.86 1.475
      vertex -2.925 1.86 1.475
    endloop
  endfacet
  facet normal 0.914478 -0 0.404636
    outer loop
      vertex 2.675 1.5 2.04
      vertex 2.925 1.86 1.475
      vertex 2.675 1.8 2.04
    endloop
  endfacet
  facet normal 0.914478 0 0.404636
    outer loop
      vertex 2.925 1.86 1.475
      vertex 2.675 1.5 2.04
      vertex 2.925 1.44 1.475
    endloop
  endfacet
  facet normal 1 -0 0
    outer loop
      vertex 2.925 -1.86 1.475
      vertex 2.925 -1.44 1.325
      vertex 2.925 -1.44 1.475
    endloop
  endfacet
  facet normal 1 0 0
    outer loop
      vertex 2.925 -1.44 1.325
      vertex 2.925 -1.86 1.475
      vertex 2.925 -1.86 1.325
    endloop
  endfacet
  facet normal -1 0 0
    outer loop
      vertex -2.925 -1.86 1.325
      vertex -2.925 -1.44 1.475
      vertex -2.925 -1.44 1.325
    endloop
  endfacet
  facet normal -1 -0 0
    outer loop
      vertex -2.925 -1.44 1.475
      vertex -2.925 -1.86 1.325
      vertex -2.925 -1.86 1.475
    endloop
  endfacet
  facet normal -0.914478 0 0.404636
    outer loop
      vertex -2.925 -1.44 1.475
      vertex -2.675 -1.8 2.04
      vertex -2.675 -1.5 2.04
    endloop
  endfacet
  facet normal -0.914478 0 0.404636
    outer loop
      vertex -2.675 -1.8 2.04
      vertex -2.925 -1.44 1.475
      vertex -2.925 -1.86 1.475
    endloop
  endfacet
  facet normal 0 0 -1
    outer loop
      vertex -2.735 -1.86 0.924999
      vertex 2.735 -1.44 0.924999
      vertex 2.735 -1.86 0.924999
    endloop
  endfacet
  facet normal -0 0 -1
    outer loop
      vertex 2.735 -1.44 0.924999
      vertex -2.735 -1.86 0.924999
      vertex -2.735 -1.44 0.924999
    endloop
  endfacet
  facet normal 0 1 -0
    outer loop
      vertex 2.735 -1.44 0.924999
      vertex -2.735 -1.44 1.325
      vertex 2.735 -1.44 1.325
    endloop
  endfacet
  facet normal 0 1 0
    outer loop
      vertex -2.735 -1.44 1.325
      vertex 2.735 -1.44 0.924999
      vertex -2.735 -1.44 0.924999
    endloop
  endfacet
  facet normal 0 1 0
    outer loop
      vertex 2.735 -1.44 1.325
      vertex 2.925 -1.44 1.475
      vertex 2.925 -1.44 1.325
    endloop
  endfacet
  facet normal 0 1 0
    outer loop
      vertex 2.925 -1.44 1.475
      vertex 2.735 -1.44 1.325
      vertex -2.925 -1.44 1.475
    endloop
  endfacet
  facet normal 0 1 -0
    outer loop
      vertex -2.735 -1.44 1.325
      vertex -2.925 -1.44 1.475
      vertex 2.735 -1.44 1.325
    endloop
  endfacet
  facet normal 0 1 0
    outer loop
      vertex -2.925 -1.44 1.475
      vertex -2.735 -1.44 1.325
      vertex -2.925 -1.44 1.325
    endloop
  endfacet
  facet normal -0 0 1
    outer loop
      vertex -2.675 -1.5 2.04
      vertex 2.675 -1.8 2.04
      vertex 2.675 -1.5 2.04
    endloop
  endfacet
  facet normal 0 0 1
    outer loop
      vertex 2.675 -1.8 2.04
      vertex -2.675 -1.5 2.04
      vertex -2.675 -1.8 2.04
    endloop
  endfacet
  facet normal 0 -0.994409 0.105601
    outer loop
      vertex -2.925 -1.86 1.475
      vertex 2.675 -1.8 2.04
      vertex -2.675 -1.8 2.04
    endloop
  endfacet
  facet normal 0 -0.994409 0.105601
    outer loop
      vertex 2.675 -1.8 2.04
      vertex -2.925 -1.86 1.475
      vertex 2.925 -1.86 1.475
    endloop
  endfacet
  facet normal 0 -1 0
    outer loop
      vertex -2.735 -1.86 0.924999
      vertex 2.735 -1.86 1.325
      vertex -2.735 -1.86 1.325
    endloop
  endfacet
  facet normal 0 -1 -0
    outer loop
      vertex 2.735 -1.86 1.325
      vertex -2.735 -1.86 0.924999
      vertex 2.735 -1.86 0.924999
    endloop
  endfacet
  facet normal 0 -1 0
    outer loop
      vertex -2.735 -1.86 1.325
      vertex -2.925 -1.86 1.475
      vertex -2.925 -1.86 1.325
    endloop
  endfacet
  facet normal 0 -1 0
    outer loop
      vertex -2.925 -1.86 1.475
      vertex -2.735 -1.86 1.325
      vertex 2.925 -1.86 1.475
    endloop
  endfacet
  facet normal 0 -1 0
    outer loop
      vertex 2.735 -1.86 1.325
      vertex 2.925 -1.86 1.475
      vertex -2.735 -1.86 1.325
    endloop
  endfacet
  facet normal 0 -1 -0
    outer loop
      vertex 2.925 -1.86 1.475
      vertex 2.735 -1.86 1.325
      vertex 2.925 -1.86 1.325
    endloop
  endfacet
  facet normal 0 0.994409 0.105601
    outer loop
      vertex 2.925 -1.44 1.475
      vertex -2.675 -1.5 2.04
      vertex 2.675 -1.5 2.04
    endloop
  endfacet
  facet normal 0 0.994409 0.105601
    outer loop
      vertex -2.675 -1.5 2.04
      vertex 2.925 -1.44 1.475
      vertex -2.925 -1.44 1.475
    endloop
  endfacet
  facet normal 0.914478 -0 0.404636
    outer loop
      vertex 2.675 -1.8 2.04
      vertex 2.925 -1.44 1.475
      vertex 2.675 -1.5 2.04
    endloop
  endfacet
  facet normal 0.914478 0 0.404636
    outer loop
      vertex 2.925 -1.44 1.475
      vertex 2.675 -1.8 2.04
      vertex 2.925 -1.86 1.475
    endloop
  endfacet
endsolid OpenSCAD_Model
